[{"model": "admin.logentry", "pk": 1, "fields": {"action_time": "2026-07-09T06:19:29.621Z", "user": 1, "content_type": 7, "object_id": "55", "object_repr": "STU-2026-051", "action_flag": 3, "change_message": ""}}, {"model": "admin.logentry", "pk": 2, "fields": {"action_time": "2026-07-09T06:19:56.672Z", "user": 1, "content_type": 6, "object_id": "2", "object_repr": "BCA 7th sem", "action_flag": 3, "change_message": ""}}, {"model": "admin.logentry", "pk": 3, "fields": {"action_time": "2026-07-09T06:25:22.712Z", "user": 1, "content_type": 7, "object_id": "56", "object_repr": "STU-2026-051", "action_flag": 3, "change_message": ""}}, {"model": "admin.logentry", "pk": 4, "fields": {"action_time": "2026-07-09T06:38:24.441Z", "user": 1, "content_type": 7, "object_id": "54", "object_repr": "rajib925", "action_flag": 2, "change_message": "[{\"changed\": {\"fields\": [\"password\"]}}]"}}, {"model": "admin.logentry", "pk": 5, "fields": {"action_time": "2026-07-13T05:25:35.955Z", "user": 1, "content_type": 7, "object_id": "2", "object_repr": "STU-2026-001", "action_flag": 2, "change_message": "[{\"changed\": {\"fields\": [\"password\"]}}]"}}, {"model": "admin.logentry", "pk": 6, "fields": {"action_time": "2026-07-13T06:10:08.962Z", "user": 1, "content_type": 7, "object_id": "2", "object_repr": "STU-2026-001", "action_flag": 2, "change_message": "[{\"changed\": {\"fields\": [\"password\"]}}]"}}, {"model": "admin.logentry", "pk": 7, "fields": {"action_time": "2026-07-13T06:54:44.997Z", "user": 1, "content_type": 7, "object_id": "54", "object_repr": "rajib925", "action_flag": 2, "change_message": "[{\"changed\": {\"fields\": [\"password\"]}}]"}}, {"model": "admin.logentry", "pk": 8, "fields": {"action_time": "2026-07-14T03:56:58.414Z", "user": 1, "content_type": 12, "object_id": "3", "object_repr": "rajib925", "action_flag": 3, "change_message": ""}}, {"model": "admin.logentry", "pk": 9, "fields": {"action_time": "2026-07-14T10:36:42.209Z", "user": 1, "content_type": 10, "object_id": "1", "object_repr": "STU-2026-001 - Student1 Demo (Class 12)", "action_flag": 3, "change_message": ""}}, {"model": "admin.logentry", "pk": 10, "fields": {"action_time": "2026-07-14T10:36:42.209Z", "user": 1, "content_type": 10, "object_id": "2", "object_repr": "STU-2026-002 - Student2 Demo (Class 12)", "action_flag": 3, "change_message": ""}}, {"model": "admin.logentry", "pk": 11, "fields": {"action_time": "2026-07-14T10:36:42.209Z", "user": 1, "content_type": 10, "object_id": "3", "object_repr": "STU-2026-003 - Student3 Demo (Class 12)", "action_flag": 3, "change_message": ""}}, {"model": "admin.logentry", "pk": 12, "fields": {"action_time": "2026-07-14T10:36:42.209Z", "user": 1, "content_type": 10, "object_id": "4", "object_repr": "STU-2026-004 - Student4 Demo (Class 12)", "action_flag": 3, "change_message": ""}}, {"model": "admin.logentry", "pk": 13, "fields": {"action_time": "2026-07-14T10:36:42.209Z", "user": 1, "content_type": 10, "object_id": "5", "object_repr": "STU-2026-005 - Student5 Demo (Class 12)", "action_flag": 3, "change_message": ""}}, {"model": "admin.logentry", "pk": 14, "fields": {"action_time": "2026-07-14T10:36:42.209Z", "user": 1, "content_type": 10, "object_id": "6", "object_repr": "STU-2026-006 - Student6 Demo (Class 12)", "action_flag": 3, "change_message": ""}}, {"model": "admin.logentry", "pk": 15, "fields": {"action_time": "2026-07-14T10:36:42.209Z", "user": 1, "content_type": 10, "object_id": "7", "object_repr": "STU-2026-007 - Student7 Demo (Class 12)", "action_flag": 3, "change_message": ""}}, {"model": "admin.logentry", "pk": 16, "fields": {"action_time": "2026-07-14T10:36:42.209Z", "user": 1, "content_type": 10, "object_id": "8", "object_repr": "STU-2026-008 - Student8 Demo (Class 12)", "action_flag": 3, "change_message": ""}}, {"model": "admin.logentry", "pk": 17, "fields": {"action_time": "2026-07-14T10:36:42.209Z", "user": 1, "content_type": 10, "object_id": "9", "object_repr": "STU-2026-009 - Student9 Demo (Class 12)", "action_flag": 3, "change_message": ""}}, {"model": "admin.logentry", "pk": 18, "fields": {"action_time": "2026-07-14T10:36:42.209Z", "user": 1, "content_type": 10, "object_id": "10", "object_repr": "STU-2026-010 - Student10 Demo (Class 12)", "action_flag": 3, "change_message": ""}}, {"model": "admin.logentry", "pk": 19, "fields": {"action_time": "2026-07-14T10:36:42.209Z", "user": 1, "content_type": 10, "object_id": "11", "object_repr": "STU-2026-011 - Student11 Demo (Class 12)", "action_flag": 3, "change_message": ""}}, {"model": "admin.logentry", "pk": 20, "fields": {"action_time": "2026-07-14T10:36:42.209Z", "user": 1, "content_type": 10, "object_id": "12", "object_repr": "STU-2026-012 - Student12 Demo (Class 12)", "action_flag": 3, "change_message": ""}}, {"model": "admin.logentry", "pk": 21, "fields": {"action_time": "2026-07-14T10:36:42.209Z", "user": 1, "content_type": 10, "object_id": "13", "object_repr": "STU-2026-013 - Student13 Demo (Class 12)", "action_flag": 3, "change_message": ""}}, {"model": "admin.logentry", "pk": 22, "fields": {"action_time": "2026-07-14T10:36:42.209Z", "user": 1, "content_type": 10, "object_id": "14", "object_repr": "STU-2026-014 - Student14 Demo (Class 12)", "action_flag": 3, "change_message": ""}}, {"model": "admin.logentry", "pk": 23, "fields": {"action_time": "2026-07-14T10:36:42.209Z", "user": 1, "content_type": 10, "object_id": "15", "object_repr": "STU-2026-015 - Student15 Demo (Class 12)", "action_flag": 3, "change_message": ""}}, {"model": "admin.logentry", "pk": 24, "fields": {"action_time": "2026-07-14T10:36:42.209Z", "user": 1, "content_type": 10, "object_id": "16", "object_repr": "STU-2026-016 - Student16 Demo (Class 12)", "action_flag": 3, "change_message": ""}}, {"model": "admin.logentry", "pk": 25, "fields": {"action_time": "2026-07-14T10:36:42.209Z", "user": 1, "content_type": 10, "object_id": "17", "object_repr": "STU-2026-017 - Student17 Demo (Class 12)", "action_flag": 3, "change_message": ""}}, {"model": "admin.logentry", "pk": 26, "fields": {"action_time": "2026-07-14T10:36:42.209Z", "user": 1, "content_type": 10, "object_id": "18", "object_repr": "STU-2026-018 - Student18 Demo (Class 12)", "action_flag": 3, "change_message": ""}}, {"model": "admin.logentry", "pk": 27, "fields": {"action_time": "2026-07-14T10:36:42.209Z", "user": 1, "content_type": 10, "object_id": "19", "object_repr": "STU-2026-019 - Student19 Demo (Class 12)", "action_flag": 3, "change_message": ""}}, {"model": "admin.logentry", "pk": 28, "fields": {"action_time": "2026-07-14T10:36:42.210Z", "user": 1, "content_type": 10, "object_id": "20", "object_repr": "STU-2026-020 - Student20 Demo (Class 12)", "action_flag": 3, "change_message": ""}}, {"model": "admin.logentry", "pk": 29, "fields": {"action_time": "2026-07-14T10:36:42.210Z", "user": 1, "content_type": 10, "object_id": "21", "object_repr": "STU-2026-021 - Student21 Demo (Class 12)", "action_flag": 3, "change_message": ""}}, {"model": "admin.logentry", "pk": 30, "fields": {"action_time": "2026-07-14T10:36:42.210Z", "user": 1, "content_type": 10, "object_id": "22", "object_repr": "STU-2026-022 - Student22 Demo (Class 12)", "action_flag": 3, "change_message": ""}}, {"model": "admin.logentry", "pk": 31, "fields": {"action_time": "2026-07-14T10:36:42.210Z", "user": 1, "content_type": 10, "object_id": "23", "object_repr": "STU-2026-023 - Student23 Demo (Class 12)", "action_flag": 3, "change_message": ""}}, {"model": "admin.logentry", "pk": 32, "fields": {"action_time": "2026-07-14T10:36:42.210Z", "user": 1, "content_type": 10, "object_id": "24", "object_repr": "STU-2026-024 - Student24 Demo (Class 12)", "action_flag": 3, "change_message": ""}}, {"model": "admin.logentry", "pk": 33, "fields": {"action_time": "2026-07-14T10:36:42.210Z", "user": 1, "content_type": 10, "object_id": "25", "object_repr": "STU-2026-025 - Student25 Demo (Class 12)", "action_flag": 3, "change_message": ""}}, {"model": "admin.logentry", "pk": 34, "fields": {"action_time": "2026-07-14T10:36:42.210Z", "user": 1, "content_type": 10, "object_id": "26", "object_repr": "STU-2026-026 - Student26 Demo (Class 12)", "action_flag": 3, "change_message": ""}}, {"model": "admin.logentry", "pk": 35, "fields": {"action_time": "2026-07-14T10:36:42.210Z", "user": 1, "content_type": 10, "object_id": "27", "object_repr": "STU-2026-027 - Student27 Demo (Class 12)", "action_flag": 3, "change_message": ""}}, {"model": "admin.logentry", "pk": 36, "fields": {"action_time": "2026-07-14T10:36:42.210Z", "user": 1, "content_type": 10, "object_id": "28", "object_repr": "STU-2026-028 - Student28 Demo (Class 12)", "action_flag": 3, "change_message": ""}}, {"model": "admin.logentry", "pk": 37, "fields": {"action_time": "2026-07-14T10:36:42.210Z", "user": 1, "content_type": 10, "object_id": "29", "object_repr": "STU-2026-029 - Student29 Demo (Class 12)", "action_flag": 3, "change_message": ""}}, {"model": "admin.logentry", "pk": 38, "fields": {"action_time": "2026-07-14T10:36:42.210Z", "user": 1, "content_type": 10, "object_id": "30", "object_repr": "STU-2026-030 - Student30 Demo (Class 12)", "action_flag": 3, "change_message": ""}}, {"model": "admin.logentry", "pk": 39, "fields": {"action_time": "2026-07-14T10:36:42.210Z", "user": 1, "content_type": 10, "object_id": "31", "object_repr": "STU-2026-031 - Student31 Demo (Class 12)", "action_flag": 3, "change_message": ""}}, {"model": "admin.logentry", "pk": 40, "fields": {"action_time": "2026-07-14T10:36:42.210Z", "user": 1, "content_type": 10, "object_id": "32", "object_repr": "STU-2026-032 - Student32 Demo (Class 12)", "action_flag": 3, "change_message": ""}}, {"model": "admin.logentry", "pk": 41, "fields": {"action_time": "2026-07-14T10:36:42.210Z", "user": 1, "content_type": 10, "object_id": "33", "object_repr": "STU-2026-033 - Student33 Demo (Class 12)", "action_flag": 3, "change_message": ""}}, {"model": "admin.logentry", "pk": 42, "fields": {"action_time": "2026-07-14T10:36:42.210Z", "user": 1, "content_type": 10, "object_id": "34", "object_repr": "STU-2026-034 - Student34 Demo (Class 12)", "action_flag": 3, "change_message": ""}}, {"model": "admin.logentry", "pk": 43, "fields": {"action_time": "2026-07-14T10:36:42.210Z", "user": 1, "content_type": 10, "object_id": "35", "object_repr": "STU-2026-035 - Student35 Demo (Class 12)", "action_flag": 3, "change_message": ""}}, {"model": "admin.logentry", "pk": 44, "fields": {"action_time": "2026-07-14T10:36:42.210Z", "user": 1, "content_type": 10, "object_id": "36", "object_repr": "STU-2026-036 - Student36 Demo (Class 12)", "action_flag": 3, "change_message": ""}}, {"model": "admin.logentry", "pk": 45, "fields": {"action_time": "2026-07-14T10:36:42.210Z", "user": 1, "content_type": 10, "object_id": "37", "object_repr": "STU-2026-037 - Student37 Demo (Class 12)", "action_flag": 3, "change_message": ""}}, {"model": "admin.logentry", "pk": 46, "fields": {"action_time": "2026-07-14T10:36:42.210Z", "user": 1, "content_type": 10, "object_id": "38", "object_repr": "STU-2026-038 - Student38 Demo (Class 12)", "action_flag": 3, "change_message": ""}}, {"model": "admin.logentry", "pk": 47, "fields": {"action_time": "2026-07-14T10:36:42.210Z", "user": 1, "content_type": 10, "object_id": "39", "object_repr": "STU-2026-039 - Student39 Demo (Class 12)", "action_flag": 3, "change_message": ""}}, {"model": "admin.logentry", "pk": 48, "fields": {"action_time": "2026-07-14T10:36:42.210Z", "user": 1, "content_type": 10, "object_id": "40", "object_repr": "STU-2026-040 - Student40 Demo (Class 12)", "action_flag": 3, "change_message": ""}}, {"model": "admin.logentry", "pk": 49, "fields": {"action_time": "2026-07-14T10:36:42.210Z", "user": 1, "content_type": 10, "object_id": "41", "object_repr": "STU-2026-041 - Student41 Demo (Class 12)", "action_flag": 3, "change_message": ""}}, {"model": "admin.logentry", "pk": 50, "fields": {"action_time": "2026-07-14T10:36:42.210Z", "user": 1, "content_type": 10, "object_id": "42", "object_repr": "STU-2026-042 - Student42 Demo (Class 12)", "action_flag": 3, "change_message": ""}}, {"model": "admin.logentry", "pk": 51, "fields": {"action_time": "2026-07-14T10:36:42.210Z", "user": 1, "content_type": 10, "object_id": "43", "object_repr": "STU-2026-043 - Student43 Demo (Class 12)", "action_flag": 3, "change_message": ""}}, {"model": "admin.logentry", "pk": 52, "fields": {"action_time": "2026-07-14T10:36:42.210Z", "user": 1, "content_type": 10, "object_id": "44", "object_repr": "STU-2026-044 - Student44 Demo (Class 12)", "action_flag": 3, "change_message": ""}}, {"model": "admin.logentry", "pk": 53, "fields": {"action_time": "2026-07-14T10:36:42.210Z", "user": 1, "content_type": 10, "object_id": "45", "object_repr": "STU-2026-045 - Student45 Demo (Class 12)", "action_flag": 3, "change_message": ""}}, {"model": "admin.logentry", "pk": 54, "fields": {"action_time": "2026-07-14T10:36:42.210Z", "user": 1, "content_type": 10, "object_id": "46", "object_repr": "STU-2026-046 - Student46 Demo (Class 12)", "action_flag": 3, "change_message": ""}}, {"model": "admin.logentry", "pk": 55, "fields": {"action_time": "2026-07-14T10:36:42.210Z", "user": 1, "content_type": 10, "object_id": "47", "object_repr": "STU-2026-047 - Student47 Demo (Class 12)", "action_flag": 3, "change_message": ""}}, {"model": "admin.logentry", "pk": 56, "fields": {"action_time": "2026-07-14T10:36:42.210Z", "user": 1, "content_type": 10, "object_id": "48", "object_repr": "STU-2026-048 - Student48 Demo (Class 12)", "action_flag": 3, "change_message": ""}}, {"model": "admin.logentry", "pk": 57, "fields": {"action_time": "2026-07-14T10:36:42.210Z", "user": 1, "content_type": 10, "object_id": "49", "object_repr": "STU-2026-049 - Student49 Demo (Class 12)", "action_flag": 3, "change_message": ""}}, {"model": "admin.logentry", "pk": 58, "fields": {"action_time": "2026-07-14T10:36:42.210Z", "user": 1, "content_type": 10, "object_id": "50", "object_repr": "STU-2026-050 - Student50 Demo (Class 12)", "action_flag": 3, "change_message": ""}}, {"model": "admin.logentry", "pk": 59, "fields": {"action_time": "2026-07-15T04:34:07.006Z", "user": 1, "content_type": 7, "object_id": "2", "object_repr": "STU-2026-001", "action_flag": 3, "change_message": ""}}, {"model": "admin.logentry", "pk": 60, "fields": {"action_time": "2026-07-15T04:34:07.006Z", "user": 1, "content_type": 7, "object_id": "3", "object_repr": "STU-2026-002", "action_flag": 3, "change_message": ""}}, {"model": "admin.logentry", "pk": 61, "fields": {"action_time": "2026-07-15T04:34:07.006Z", "user": 1, "content_type": 7, "object_id": "4", "object_repr": "STU-2026-003", "action_flag": 3, "change_message": ""}}, {"model": "admin.logentry", "pk": 62, "fields": {"action_time": "2026-07-15T04:34:07.006Z", "user": 1, "content_type": 7, "object_id": "5", "object_repr": "STU-2026-004", "action_flag": 3, "change_message": ""}}, {"model": "admin.logentry", "pk": 63, "fields": {"action_time": "2026-07-15T04:34:07.006Z", "user": 1, "content_type": 7, "object_id": "6", "object_repr": "STU-2026-005", "action_flag": 3, "change_message": ""}}, {"model": "admin.logentry", "pk": 64, "fields": {"action_time": "2026-07-15T04:34:07.006Z", "user": 1, "content_type": 7, "object_id": "7", "object_repr": "STU-2026-006", "action_flag": 3, "change_message": ""}}, {"model": "admin.logentry", "pk": 65, "fields": {"action_time": "2026-07-15T04:34:07.006Z", "user": 1, "content_type": 7, "object_id": "8", "object_repr": "STU-2026-007", "action_flag": 3, "change_message": ""}}, {"model": "admin.logentry", "pk": 66, "fields": {"action_time": "2026-07-15T04:34:07.006Z", "user": 1, "content_type": 7, "object_id": "9", "object_repr": "STU-2026-008", "action_flag": 3, "change_message": ""}}, {"model": "admin.logentry", "pk": 67, "fields": {"action_time": "2026-07-15T04:34:07.006Z", "user": 1, "content_type": 7, "object_id": "10", "object_repr": "STU-2026-009", "action_flag": 3, "change_message": ""}}, {"model": "admin.logentry", "pk": 68, "fields": {"action_time": "2026-07-15T04:34:07.006Z", "user": 1, "content_type": 7, "object_id": "11", "object_repr": "STU-2026-010", "action_flag": 3, "change_message": ""}}, {"model": "admin.logentry", "pk": 69, "fields": {"action_time": "2026-07-15T04:34:07.006Z", "user": 1, "content_type": 7, "object_id": "12", "object_repr": "STU-2026-011", "action_flag": 3, "change_message": ""}}, {"model": "admin.logentry", "pk": 70, "fields": {"action_time": "2026-07-15T04:34:07.006Z", "user": 1, "content_type": 7, "object_id": "13", "object_repr": "STU-2026-012", "action_flag": 3, "change_message": ""}}, {"model": "admin.logentry", "pk": 71, "fields": {"action_time": "2026-07-15T04:34:07.006Z", "user": 1, "content_type": 7, "object_id": "14", "object_repr": "STU-2026-013", "action_flag": 3, "change_message": ""}}, {"model": "admin.logentry", "pk": 72, "fields": {"action_time": "2026-07-15T04:34:07.006Z", "user": 1, "content_type": 7, "object_id": "15", "object_repr": "STU-2026-014", "action_flag": 3, "change_message": ""}}, {"model": "admin.logentry", "pk": 73, "fields": {"action_time": "2026-07-15T04:34:07.006Z", "user": 1, "content_type": 7, "object_id": "16", "object_repr": "STU-2026-015", "action_flag": 3, "change_message": ""}}, {"model": "admin.logentry", "pk": 74, "fields": {"action_time": "2026-07-15T04:34:07.006Z", "user": 1, "content_type": 7, "object_id": "17", "object_repr": "STU-2026-016", "action_flag": 3, "change_message": ""}}, {"model": "admin.logentry", "pk": 75, "fields": {"action_time": "2026-07-15T04:34:07.006Z", "user": 1, "content_type": 7, "object_id": "18", "object_repr": "STU-2026-017", "action_flag": 3, "change_message": ""}}, {"model": "admin.logentry", "pk": 76, "fields": {"action_time": "2026-07-15T04:34:07.006Z", "user": 1, "content_type": 7, "object_id": "19", "object_repr": "STU-2026-018", "action_flag": 3, "change_message": ""}}, {"model": "admin.logentry", "pk": 77, "fields": {"action_time": "2026-07-15T04:34:07.006Z", "user": 1, "content_type": 7, "object_id": "20", "object_repr": "STU-2026-019", "action_flag": 3, "change_message": ""}}, {"model": "admin.logentry", "pk": 78, "fields": {"action_time": "2026-07-15T04:34:07.006Z", "user": 1, "content_type": 7, "object_id": "21", "object_repr": "STU-2026-020", "action_flag": 3, "change_message": ""}}, {"model": "admin.logentry", "pk": 79, "fields": {"action_time": "2026-07-15T04:34:07.006Z", "user": 1, "content_type": 7, "object_id": "22", "object_repr": "STU-2026-021", "action_flag": 3, "change_message": ""}}, {"model": "admin.logentry", "pk": 80, "fields": {"action_time": "2026-07-15T04:34:07.006Z", "user": 1, "content_type": 7, "object_id": "23", "object_repr": "STU-2026-022", "action_flag": 3, "change_message": ""}}, {"model": "admin.logentry", "pk": 81, "fields": {"action_time": "2026-07-15T04:34:07.006Z", "user": 1, "content_type": 7, "object_id": "24", "object_repr": "STU-2026-023", "action_flag": 3, "change_message": ""}}, {"model": "admin.logentry", "pk": 82, "fields": {"action_time": "2026-07-15T04:34:07.006Z", "user": 1, "content_type": 7, "object_id": "25", "object_repr": "STU-2026-024", "action_flag": 3, "change_message": ""}}, {"model": "admin.logentry", "pk": 83, "fields": {"action_time": "2026-07-15T04:34:07.006Z", "user": 1, "content_type": 7, "object_id": "26", "object_repr": "STU-2026-025", "action_flag": 3, "change_message": ""}}, {"model": "admin.logentry", "pk": 84, "fields": {"action_time": "2026-07-15T04:34:07.006Z", "user": 1, "content_type": 7, "object_id": "27", "object_repr": "STU-2026-026", "action_flag": 3, "change_message": ""}}, {"model": "admin.logentry", "pk": 85, "fields": {"action_time": "2026-07-15T04:34:07.006Z", "user": 1, "content_type": 7, "object_id": "28", "object_repr": "STU-2026-027", "action_flag": 3, "change_message": ""}}, {"model": "admin.logentry", "pk": 86, "fields": {"action_time": "2026-07-15T04:34:07.006Z", "user": 1, "content_type": 7, "object_id": "29", "object_repr": "STU-2026-028", "action_flag": 3, "change_message": ""}}, {"model": "admin.logentry", "pk": 87, "fields": {"action_time": "2026-07-15T04:34:07.006Z", "user": 1, "content_type": 7, "object_id": "30", "object_repr": "STU-2026-029", "action_flag": 3, "change_message": ""}}, {"model": "admin.logentry", "pk": 88, "fields": {"action_time": "2026-07-15T04:34:07.006Z", "user": 1, "content_type": 7, "object_id": "31", "object_repr": "STU-2026-030", "action_flag": 3, "change_message": ""}}, {"model": "admin.logentry", "pk": 89, "fields": {"action_time": "2026-07-15T04:34:07.006Z", "user": 1, "content_type": 7, "object_id": "32", "object_repr": "STU-2026-031", "action_flag": 3, "change_message": ""}}, {"model": "admin.logentry", "pk": 90, "fields": {"action_time": "2026-07-15T04:34:07.006Z", "user": 1, "content_type": 7, "object_id": "33", "object_repr": "STU-2026-032", "action_flag": 3, "change_message": ""}}, {"model": "admin.logentry", "pk": 91, "fields": {"action_time": "2026-07-15T04:34:07.006Z", "user": 1, "content_type": 7, "object_id": "34", "object_repr": "STU-2026-033", "action_flag": 3, "change_message": ""}}, {"model": "admin.logentry", "pk": 92, "fields": {"action_time": "2026-07-15T04:34:07.006Z", "user": 1, "content_type": 7, "object_id": "35", "object_repr": "STU-2026-034", "action_flag": 3, "change_message": ""}}, {"model": "admin.logentry", "pk": 93, "fields": {"action_time": "2026-07-15T04:34:07.006Z", "user": 1, "content_type": 7, "object_id": "36", "object_repr": "STU-2026-035", "action_flag": 3, "change_message": ""}}, {"model": "admin.logentry", "pk": 94, "fields": {"action_time": "2026-07-15T04:34:07.006Z", "user": 1, "content_type": 7, "object_id": "37", "object_repr": "STU-2026-036", "action_flag": 3, "change_message": ""}}, {"model": "admin.logentry", "pk": 95, "fields": {"action_time": "2026-07-15T04:34:07.006Z", "user": 1, "content_type": 7, "object_id": "38", "object_repr": "STU-2026-037", "action_flag": 3, "change_message": ""}}, {"model": "admin.logentry", "pk": 96, "fields": {"action_time": "2026-07-15T04:34:07.006Z", "user": 1, "content_type": 7, "object_id": "39", "object_repr": "STU-2026-038", "action_flag": 3, "change_message": ""}}, {"model": "admin.logentry", "pk": 97, "fields": {"action_time": "2026-07-15T04:34:07.006Z", "user": 1, "content_type": 7, "object_id": "40", "object_repr": "STU-2026-039", "action_flag": 3, "change_message": ""}}, {"model": "admin.logentry", "pk": 98, "fields": {"action_time": "2026-07-15T04:34:07.006Z", "user": 1, "content_type": 7, "object_id": "41", "object_repr": "STU-2026-040", "action_flag": 3, "change_message": ""}}, {"model": "admin.logentry", "pk": 99, "fields": {"action_time": "2026-07-15T04:34:07.006Z", "user": 1, "content_type": 7, "object_id": "42", "object_repr": "STU-2026-041", "action_flag": 3, "change_message": ""}}, {"model": "admin.logentry", "pk": 100, "fields": {"action_time": "2026-07-15T04:34:07.006Z", "user": 1, "content_type": 7, "object_id": "43", "object_repr": "STU-2026-042", "action_flag": 3, "change_message": ""}}, {"model": "admin.logentry", "pk": 101, "fields": {"action_time": "2026-07-15T04:34:07.006Z", "user": 1, "content_type": 7, "object_id": "44", "object_repr": "STU-2026-043", "action_flag": 3, "change_message": ""}}, {"model": "admin.logentry", "pk": 102, "fields": {"action_time": "2026-07-15T04:34:07.006Z", "user": 1, "content_type": 7, "object_id": "45", "object_repr": "STU-2026-044", "action_flag": 3, "change_message": ""}}, {"model": "admin.logentry", "pk": 103, "fields": {"action_time": "2026-07-15T04:34:07.006Z", "user": 1, "content_type": 7, "object_id": "46", "object_repr": "STU-2026-045", "action_flag": 3, "change_message": ""}}, {"model": "admin.logentry", "pk": 104, "fields": {"action_time": "2026-07-15T04:34:07.006Z", "user": 1, "content_type": 7, "object_id": "47", "object_repr": "STU-2026-046", "action_flag": 3, "change_message": ""}}, {"model": "admin.logentry", "pk": 105, "fields": {"action_time": "2026-07-15T04:34:07.006Z", "user": 1, "content_type": 7, "object_id": "48", "object_repr": "STU-2026-047", "action_flag": 3, "change_message": ""}}, {"model": "admin.logentry", "pk": 106, "fields": {"action_time": "2026-07-15T04:34:07.006Z", "user": 1, "content_type": 7, "object_id": "49", "object_repr": "STU-2026-048", "action_flag": 3, "change_message": ""}}, {"model": "admin.logentry", "pk": 107, "fields": {"action_time": "2026-07-15T04:34:07.006Z", "user": 1, "content_type": 7, "object_id": "50", "object_repr": "STU-2026-049", "action_flag": 3, "change_message": ""}}, {"model": "admin.logentry", "pk": 108, "fields": {"action_time": "2026-07-15T04:34:07.006Z", "user": 1, "content_type": 7, "object_id": "51", "object_repr": "STU-2026-050", "action_flag": 3, "change_message": ""}}, {"model": "admin.logentry", "pk": 109, "fields": {"action_time": "2026-07-15T04:34:07.006Z", "user": 1, "content_type": 7, "object_id": "57", "object_repr": "STU-2026-051", "action_flag": 3, "change_message": ""}}, {"model": "admin.logentry", "pk": 110, "fields": {"action_time": "2026-07-15T04:34:07.006Z", "user": 1, "content_type": 7, "object_id": "63", "object_repr": "STU-2026-052", "action_flag": 3, "change_message": ""}}, {"model": "admin.logentry", "pk": 111, "fields": {"action_time": "2026-07-15T04:34:07.006Z", "user": 1, "content_type": 7, "object_id": "64", "object_repr": "STU-2026-053", "action_flag": 3, "change_message": ""}}, {"model": "admin.logentry", "pk": 112, "fields": {"action_time": "2026-07-15T04:34:07.006Z", "user": 1, "content_type": 7, "object_id": "61", "object_repr": "ram570", "action_flag": 3, "change_message": ""}}, {"model": "admin.logentry", "pk": 113, "fields": {"action_time": "2026-07-15T04:34:43.043Z", "user": 1, "content_type": 7, "object_id": "65", "object_repr": "STU-2026-001", "action_flag": 3, "change_message": ""}}, {"model": "admin.logentry", "pk": 114, "fields": {"action_time": "2026-07-15T04:34:43.043Z", "user": 1, "content_type": 7, "object_id": "66", "object_repr": "STU-2026-002", "action_flag": 3, "change_message": ""}}, {"model": "admin.logentry", "pk": 115, "fields": {"action_time": "2026-07-15T04:34:54.936Z", "user": 1, "content_type": 7, "object_id": "67", "object_repr": "STU-2026-003", "action_flag": 3, "change_message": ""}}, {"model": "admin.logentry", "pk": 116, "fields": {"action_time": "2026-07-15T04:34:54.936Z", "user": 1, "content_type": 7, "object_id": "68", "object_repr": "STU-2026-004", "action_flag": 3, "change_message": ""}}, {"model": "admin.logentry", "pk": 117, "fields": {"action_time": "2026-07-15T04:34:54.936Z", "user": 1, "content_type": 7, "object_id": "69", "object_repr": "STU-2026-005", "action_flag": 3, "change_message": ""}}, {"model": "admin.logentry", "pk": 118, "fields": {"action_time": "2026-07-15T04:35:07.901Z", "user": 1, "content_type": 7, "object_id": "70", "object_repr": "STU-2026-006", "action_flag": 3, "change_message": ""}}, {"model": "admin.logentry", "pk": 119, "fields": {"action_time": "2026-07-15T04:35:07.901Z", "user": 1, "content_type": 7, "object_id": "71", "object_repr": "STU-2026-007", "action_flag": 3, "change_message": ""}}, {"model": "admin.logentry", "pk": 120, "fields": {"action_time": "2026-07-15T04:35:07.901Z", "user": 1, "content_type": 7, "object_id": "72", "object_repr": "STU-2026-008", "action_flag": 3, "change_message": ""}}, {"model": "admin.logentry", "pk": 121, "fields": {"action_time": "2026-07-15T04:36:33.791Z", "user": 1, "content_type": 7, "object_id": "73", "object_repr": "STU-2026-009", "action_flag": 3, "change_message": ""}}, {"model": "admin.logentry", "pk": 122, "fields": {"action_time": "2026-07-15T04:36:33.791Z", "user": 1, "content_type": 7, "object_id": "74", "object_repr": "STU-2026-010", "action_flag": 3, "change_message": ""}}, {"model": "admin.logentry", "pk": 123, "fields": {"action_time": "2026-07-15T04:36:33.791Z", "user": 1, "content_type": 7, "object_id": "75", "object_repr": "STU-2026-011", "action_flag": 3, "change_message": ""}}, {"model": "admin.logentry", "pk": 124, "fields": {"action_time": "2026-07-15T04:36:51.413Z", "user": 1, "content_type": 7, "object_id": "76", "object_repr": "STU-2026-012", "action_flag": 3, "change_message": ""}}, {"model": "admin.logentry", "pk": 125, "fields": {"action_time": "2026-07-15T04:36:51.413Z", "user": 1, "content_type": 7, "object_id": "77", "object_repr": "STU-2026-013", "action_flag": 3, "change_message": ""}}, {"model": "admin.logentry", "pk": 126, "fields": {"action_time": "2026-07-15T04:36:51.413Z", "user": 1, "content_type": 7, "object_id": "78", "object_repr": "STU-2026-014", "action_flag": 3, "change_message": ""}}, {"model": "admin.logentry", "pk": 127, "fields": {"action_time": "2026-07-15T04:36:51.413Z", "user": 1, "content_type": 7, "object_id": "79", "object_repr": "STU-2026-015", "action_flag": 3, "change_message": ""}}, {"model": "admin.logentry", "pk": 128, "fields": {"action_time": "2026-07-15T04:36:51.413Z", "user": 1, "content_type": 7, "object_id": "80", "object_repr": "STU-2026-016", "action_flag": 3, "change_message": ""}}, {"model": "admin.logentry", "pk": 129, "fields": {"action_time": "2026-07-15T04:36:51.413Z", "user": 1, "content_type": 7, "object_id": "81", "object_repr": "STU-2026-017", "action_flag": 3, "change_message": ""}}, {"model": "admin.logentry", "pk": 130, "fields": {"action_time": "2026-07-15T04:36:51.413Z", "user": 1, "content_type": 7, "object_id": "82", "object_repr": "STU-2026-018", "action_flag": 3, "change_message": ""}}, {"model": "admin.logentry", "pk": 131, "fields": {"action_time": "2026-07-15T04:36:51.413Z", "user": 1, "content_type": 7, "object_id": "83", "object_repr": "STU-2026-019", "action_flag": 3, "change_message": ""}}, {"model": "admin.logentry", "pk": 132, "fields": {"action_time": "2026-07-15T04:36:51.413Z", "user": 1, "content_type": 7, "object_id": "84", "object_repr": "STU-2026-020", "action_flag": 3, "change_message": ""}}, {"model": "admin.logentry", "pk": 133, "fields": {"action_time": "2026-07-15T04:36:51.413Z", "user": 1, "content_type": 7, "object_id": "85", "object_repr": "STU-2026-021", "action_flag": 3, "change_message": ""}}, {"model": "admin.logentry", "pk": 134, "fields": {"action_time": "2026-07-15T04:36:51.413Z", "user": 1, "content_type": 7, "object_id": "86", "object_repr": "STU-2026-022", "action_flag": 3, "change_message": ""}}, {"model": "admin.logentry", "pk": 135, "fields": {"action_time": "2026-07-15T04:36:51.413Z", "user": 1, "content_type": 7, "object_id": "87", "object_repr": "STU-2026-023", "action_flag": 3, "change_message": ""}}, {"model": "admin.logentry", "pk": 136, "fields": {"action_time": "2026-07-15T04:36:51.413Z", "user": 1, "content_type": 7, "object_id": "88", "object_repr": "STU-2026-024", "action_flag": 3, "change_message": ""}}, {"model": "admin.logentry", "pk": 137, "fields": {"action_time": "2026-07-15T04:36:51.413Z", "user": 1, "content_type": 7, "object_id": "89", "object_repr": "STU-2026-025", "action_flag": 3, "change_message": ""}}, {"model": "admin.logentry", "pk": 138, "fields": {"action_time": "2026-07-15T04:36:51.413Z", "user": 1, "content_type": 7, "object_id": "90", "object_repr": "STU-2026-026", "action_flag": 3, "change_message": ""}}, {"model": "admin.logentry", "pk": 139, "fields": {"action_time": "2026-07-15T04:36:51.413Z", "user": 1, "content_type": 7, "object_id": "91", "object_repr": "STU-2026-027", "action_flag": 3, "change_message": ""}}, {"model": "admin.logentry", "pk": 140, "fields": {"action_time": "2026-07-15T04:36:51.413Z", "user": 1, "content_type": 7, "object_id": "92", "object_repr": "STU-2026-028", "action_flag": 3, "change_message": ""}}, {"model": "admin.logentry", "pk": 141, "fields": {"action_time": "2026-07-15T04:37:02.115Z", "user": 1, "content_type": 7, "object_id": "93", "object_repr": "STU-2026-029", "action_flag": 3, "change_message": ""}}, {"model": "admin.logentry", "pk": 142, "fields": {"action_time": "2026-07-15T04:37:02.115Z", "user": 1, "content_type": 7, "object_id": "94", "object_repr": "STU-2026-030", "action_flag": 3, "change_message": ""}}, {"model": "admin.logentry", "pk": 143, "fields": {"action_time": "2026-07-15T04:37:02.115Z", "user": 1, "content_type": 7, "object_id": "95", "object_repr": "STU-2026-031", "action_flag": 3, "change_message": ""}}, {"model": "admin.logentry", "pk": 144, "fields": {"action_time": "2026-07-15T04:37:02.115Z", "user": 1, "content_type": 7, "object_id": "96", "object_repr": "STU-2026-032", "action_flag": 3, "change_message": ""}}, {"model": "admin.logentry", "pk": 145, "fields": {"action_time": "2026-07-15T04:37:10.547Z", "user": 1, "content_type": 7, "object_id": "97", "object_repr": "STU-2026-033", "action_flag": 3, "change_message": ""}}, {"model": "admin.logentry", "pk": 146, "fields": {"action_time": "2026-07-15T04:37:10.547Z", "user": 1, "content_type": 7, "object_id": "98", "object_repr": "STU-2026-034", "action_flag": 3, "change_message": ""}}, {"model": "admin.logentry", "pk": 147, "fields": {"action_time": "2026-07-15T04:37:24.472Z", "user": 1, "content_type": 7, "object_id": "99", "object_repr": "STU-2026-035", "action_flag": 3, "change_message": ""}}, {"model": "admin.logentry", "pk": 148, "fields": {"action_time": "2026-07-15T04:37:24.472Z", "user": 1, "content_type": 7, "object_id": "100", "object_repr": "STU-2026-036", "action_flag": 3, "change_message": ""}}, {"model": "admin.logentry", "pk": 149, "fields": {"action_time": "2026-07-15T04:37:39.175Z", "user": 1, "content_type": 10, "object_id": "90", "object_repr": "STU-2026-037 - Student37 Demo (BCA 1st Sem)", "action_flag": 3, "change_message": ""}}, {"model": "admin.logentry", "pk": 150, "fields": {"action_time": "2026-07-15T04:37:39.175Z", "user": 1, "content_type": 10, "object_id": "91", "object_repr": "STU-2026-038 - Student38 Demo (BCA 1st Sem)", "action_flag": 3, "change_message": ""}}, {"model": "admin.logentry", "pk": 151, "fields": {"action_time": "2026-07-15T04:37:39.175Z", "user": 1, "content_type": 10, "object_id": "92", "object_repr": "STU-2026-039 - Student39 Demo (BCA 1st Sem)", "action_flag": 3, "change_message": ""}}, {"model": "admin.logentry", "pk": 152, "fields": {"action_time": "2026-07-15T04:37:54.665Z", "user": 1, "content_type": 7, "object_id": "101", "object_repr": "STU-2026-037", "action_flag": 3, "change_message": ""}}, {"model": "admin.logentry", "pk": 153, "fields": {"action_time": "2026-07-15T04:37:54.665Z", "user": 1, "content_type": 7, "object_id": "102", "object_repr": "STU-2026-038", "action_flag": 3, "change_message": ""}}, {"model": "admin.logentry", "pk": 154, "fields": {"action_time": "2026-07-15T04:37:54.665Z", "user": 1, "content_type": 7, "object_id": "103", "object_repr": "STU-2026-039", "action_flag": 3, "change_message": ""}}, {"model": "admin.logentry", "pk": 155, "fields": {"action_time": "2026-07-15T04:37:54.665Z", "user": 1, "content_type": 7, "object_id": "104", "object_repr": "STU-2026-040", "action_flag": 3, "change_message": ""}}, {"model": "admin.logentry", "pk": 156, "fields": {"action_time": "2026-07-15T04:37:54.665Z", "user": 1, "content_type": 7, "object_id": "105", "object_repr": "STU-2026-041", "action_flag": 3, "change_message": ""}}, {"model": "admin.logentry", "pk": 157, "fields": {"action_time": "2026-07-15T04:37:54.665Z", "user": 1, "content_type": 7, "object_id": "106", "object_repr": "STU-2026-042", "action_flag": 3, "change_message": ""}}, {"model": "admin.logentry", "pk": 158, "fields": {"action_time": "2026-07-15T04:38:02.286Z", "user": 1, "content_type": 7, "object_id": "107", "object_repr": "STU-2026-043", "action_flag": 3, "change_message": ""}}, {"model": "admin.logentry", "pk": 159, "fields": {"action_time": "2026-07-15T04:38:02.286Z", "user": 1, "content_type": 7, "object_id": "108", "object_repr": "STU-2026-044", "action_flag": 3, "change_message": ""}}, {"model": "admin.logentry", "pk": 160, "fields": {"action_time": "2026-07-15T04:38:10.163Z", "user": 1, "content_type": 7, "object_id": "109", "object_repr": "STU-2026-045", "action_flag": 3, "change_message": ""}}, {"model": "admin.logentry", "pk": 161, "fields": {"action_time": "2026-07-15T04:38:10.163Z", "user": 1, "content_type": 7, "object_id": "110", "object_repr": "STU-2026-046", "action_flag": 3, "change_message": ""}}, {"model": "admin.logentry", "pk": 162, "fields": {"action_time": "2026-07-15T04:38:16.160Z", "user": 1, "content_type": 7, "object_id": "111", "object_repr": "STU-2026-047", "action_flag": 3, "change_message": ""}}, {"model": "admin.logentry", "pk": 163, "fields": {"action_time": "2026-07-15T04:38:23.696Z", "user": 1, "content_type": 7, "object_id": "112", "object_repr": "STU-2026-048", "action_flag": 3, "change_message": ""}}, {"model": "admin.logentry", "pk": 164, "fields": {"action_time": "2026-07-15T04:38:23.696Z", "user": 1, "content_type": 7, "object_id": "113", "object_repr": "STU-2026-049", "action_flag": 3, "change_message": ""}}, {"model": "admin.logentry", "pk": 165, "fields": {"action_time": "2026-07-15T04:38:29.305Z", "user": 1, "content_type": 7, "object_id": "114", "object_repr": "STU-2026-050", "action_flag": 3, "change_message": ""}}, {"model": "admin.logentry", "pk": 166, "fields": {"action_time": "2026-07-15T04:38:50.701Z", "user": 1, "content_type": 7, "object_id": "54", "object_repr": "rajib925", "action_flag": 3, "change_message": ""}}, {"model": "admin.logentry", "pk": 167, "fields": {"action_time": "2026-07-15T04:42:14.485Z", "user": 1, "content_type": 7, "object_id": "115", "object_repr": "STU-2026-001", "action_flag": 3, "change_message": ""}}, {"model": "admin.logentry", "pk": 168, "fields": {"action_time": "2026-07-15T04:42:14.485Z", "user": 1, "content_type": 7, "object_id": "116", "object_repr": "STU-2026-002", "action_flag": 3, "change_message": ""}}, {"model": "admin.logentry", "pk": 169, "fields": {"action_time": "2026-07-15T04:42:14.485Z", "user": 1, "content_type": 7, "object_id": "117", "object_repr": "STU-2026-003", "action_flag": 3, "change_message": ""}}, {"model": "admin.logentry", "pk": 170, "fields": {"action_time": "2026-07-15T04:42:14.485Z", "user": 1, "content_type": 7, "object_id": "118", "object_repr": "STU-2026-004", "action_flag": 3, "change_message": ""}}, {"model": "admin.logentry", "pk": 171, "fields": {"action_time": "2026-07-15T04:42:14.485Z", "user": 1, "content_type": 7, "object_id": "119", "object_repr": "STU-2026-005", "action_flag": 3, "change_message": ""}}, {"model": "admin.logentry", "pk": 172, "fields": {"action_time": "2026-07-15T04:42:14.485Z", "user": 1, "content_type": 7, "object_id": "120", "object_repr": "STU-2026-006", "action_flag": 3, "change_message": ""}}, {"model": "admin.logentry", "pk": 173, "fields": {"action_time": "2026-07-15T04:42:14.485Z", "user": 1, "content_type": 7, "object_id": "121", "object_repr": "STU-2026-007", "action_flag": 3, "change_message": ""}}, {"model": "admin.logentry", "pk": 174, "fields": {"action_time": "2026-07-15T04:42:14.485Z", "user": 1, "content_type": 7, "object_id": "122", "object_repr": "STU-2026-008", "action_flag": 3, "change_message": ""}}, {"model": "admin.logentry", "pk": 175, "fields": {"action_time": "2026-07-15T04:42:14.485Z", "user": 1, "content_type": 7, "object_id": "123", "object_repr": "STU-2026-009", "action_flag": 3, "change_message": ""}}, {"model": "admin.logentry", "pk": 176, "fields": {"action_time": "2026-07-15T04:42:14.485Z", "user": 1, "content_type": 7, "object_id": "124", "object_repr": "STU-2026-010", "action_flag": 3, "change_message": ""}}, {"model": "admin.logentry", "pk": 177, "fields": {"action_time": "2026-07-15T04:42:14.485Z", "user": 1, "content_type": 7, "object_id": "125", "object_repr": "STU-2026-011", "action_flag": 3, "change_message": ""}}, {"model": "admin.logentry", "pk": 178, "fields": {"action_time": "2026-07-15T04:42:14.485Z", "user": 1, "content_type": 7, "object_id": "126", "object_repr": "STU-2026-012", "action_flag": 3, "change_message": ""}}, {"model": "admin.logentry", "pk": 179, "fields": {"action_time": "2026-07-15T04:42:14.485Z", "user": 1, "content_type": 7, "object_id": "127", "object_repr": "STU-2026-013", "action_flag": 3, "change_message": ""}}, {"model": "admin.logentry", "pk": 180, "fields": {"action_time": "2026-07-15T04:42:14.485Z", "user": 1, "content_type": 7, "object_id": "128", "object_repr": "STU-2026-014", "action_flag": 3, "change_message": ""}}, {"model": "admin.logentry", "pk": 181, "fields": {"action_time": "2026-07-15T04:42:14.485Z", "user": 1, "content_type": 7, "object_id": "129", "object_repr": "STU-2026-015", "action_flag": 3, "change_message": ""}}, {"model": "admin.logentry", "pk": 182, "fields": {"action_time": "2026-07-15T04:42:14.485Z", "user": 1, "content_type": 7, "object_id": "130", "object_repr": "STU-2026-016", "action_flag": 3, "change_message": ""}}, {"model": "admin.logentry", "pk": 183, "fields": {"action_time": "2026-07-15T04:43:27.788Z", "user": 1, "content_type": 7, "object_id": "131", "object_repr": "STU-2026-001", "action_flag": 3, "change_message": ""}}, {"model": "admin.logentry", "pk": 184, "fields": {"action_time": "2026-07-15T04:43:27.788Z", "user": 1, "content_type": 7, "object_id": "132", "object_repr": "STU-2026-002", "action_flag": 3, "change_message": ""}}, {"model": "admin.logentry", "pk": 185, "fields": {"action_time": "2026-07-15T04:43:27.788Z", "user": 1, "content_type": 7, "object_id": "133", "object_repr": "STU-2026-003", "action_flag": 3, "change_message": ""}}, {"model": "admin.logentry", "pk": 186, "fields": {"action_time": "2026-07-15T04:43:27.788Z", "user": 1, "content_type": 7, "object_id": "134", "object_repr": "STU-2026-004", "action_flag": 3, "change_message": ""}}, {"model": "admin.logentry", "pk": 187, "fields": {"action_time": "2026-07-15T04:43:27.788Z", "user": 1, "content_type": 7, "object_id": "135", "object_repr": "STU-2026-005", "action_flag": 3, "change_message": ""}}, {"model": "admin.logentry", "pk": 188, "fields": {"action_time": "2026-07-15T04:43:27.788Z", "user": 1, "content_type": 7, "object_id": "136", "object_repr": "STU-2026-006", "action_flag": 3, "change_message": ""}}, {"model": "admin.logentry", "pk": 189, "fields": {"action_time": "2026-07-15T04:43:27.788Z", "user": 1, "content_type": 7, "object_id": "137", "object_repr": "STU-2026-007", "action_flag": 3, "change_message": ""}}, {"model": "admin.logentry", "pk": 190, "fields": {"action_time": "2026-07-15T04:43:27.788Z", "user": 1, "content_type": 7, "object_id": "138", "object_repr": "STU-2026-008", "action_flag": 3, "change_message": ""}}, {"model": "admin.logentry", "pk": 191, "fields": {"action_time": "2026-07-15T04:43:27.788Z", "user": 1, "content_type": 7, "object_id": "139", "object_repr": "STU-2026-009", "action_flag": 3, "change_message": ""}}, {"model": "admin.logentry", "pk": 192, "fields": {"action_time": "2026-07-15T04:43:27.788Z", "user": 1, "content_type": 7, "object_id": "140", "object_repr": "STU-2026-010", "action_flag": 3, "change_message": ""}}, {"model": "admin.logentry", "pk": 193, "fields": {"action_time": "2026-07-15T04:43:27.788Z", "user": 1, "content_type": 7, "object_id": "141", "object_repr": "STU-2026-011", "action_flag": 3, "change_message": ""}}, {"model": "admin.logentry", "pk": 194, "fields": {"action_time": "2026-07-15T04:43:27.788Z", "user": 1, "content_type": 7, "object_id": "142", "object_repr": "STU-2026-012", "action_flag": 3, "change_message": ""}}, {"model": "admin.logentry", "pk": 195, "fields": {"action_time": "2026-07-15T04:43:27.788Z", "user": 1, "content_type": 7, "object_id": "143", "object_repr": "STU-2026-013", "action_flag": 3, "change_message": ""}}, {"model": "admin.logentry", "pk": 196, "fields": {"action_time": "2026-07-15T04:43:27.788Z", "user": 1, "content_type": 7, "object_id": "144", "object_repr": "STU-2026-014", "action_flag": 3, "change_message": ""}}, {"model": "admin.logentry", "pk": 197, "fields": {"action_time": "2026-07-15T04:43:27.788Z", "user": 1, "content_type": 7, "object_id": "145", "object_repr": "STU-2026-015", "action_flag": 3, "change_message": ""}}, {"model": "admin.logentry", "pk": 198, "fields": {"action_time": "2026-07-15T04:43:27.788Z", "user": 1, "content_type": 7, "object_id": "146", "object_repr": "STU-2026-016", "action_flag": 3, "change_message": ""}}, {"model": "admin.logentry", "pk": 199, "fields": {"action_time": "2026-07-15T04:43:27.788Z", "user": 1, "content_type": 7, "object_id": "147", "object_repr": "STU-2026-017", "action_flag": 3, "change_message": ""}}, {"model": "admin.logentry", "pk": 200, "fields": {"action_time": "2026-07-15T04:43:27.788Z", "user": 1, "content_type": 7, "object_id": "148", "object_repr": "STU-2026-018", "action_flag": 3, "change_message": ""}}, {"model": "admin.logentry", "pk": 201, "fields": {"action_time": "2026-07-15T04:43:27.788Z", "user": 1, "content_type": 7, "object_id": "149", "object_repr": "STU-2026-019", "action_flag": 3, "change_message": ""}}, {"model": "admin.logentry", "pk": 202, "fields": {"action_time": "2026-07-15T04:43:27.788Z", "user": 1, "content_type": 7, "object_id": "150", "object_repr": "STU-2026-020", "action_flag": 3, "change_message": ""}}, {"model": "admin.logentry", "pk": 203, "fields": {"action_time": "2026-07-15T04:43:27.788Z", "user": 1, "content_type": 7, "object_id": "151", "object_repr": "STU-2026-021", "action_flag": 3, "change_message": ""}}, {"model": "admin.logentry", "pk": 204, "fields": {"action_time": "2026-07-15T04:43:27.788Z", "user": 1, "content_type": 7, "object_id": "152", "object_repr": "STU-2026-022", "action_flag": 3, "change_message": ""}}, {"model": "admin.logentry", "pk": 205, "fields": {"action_time": "2026-07-15T04:43:27.788Z", "user": 1, "content_type": 7, "object_id": "153", "object_repr": "STU-2026-023", "action_flag": 3, "change_message": ""}}, {"model": "admin.logentry", "pk": 206, "fields": {"action_time": "2026-07-15T04:43:27.788Z", "user": 1, "content_type": 7, "object_id": "154", "object_repr": "STU-2026-024", "action_flag": 3, "change_message": ""}}, {"model": "admin.logentry", "pk": 207, "fields": {"action_time": "2026-07-15T04:43:27.788Z", "user": 1, "content_type": 7, "object_id": "155", "object_repr": "STU-2026-025", "action_flag": 3, "change_message": ""}}, {"model": "admin.logentry", "pk": 208, "fields": {"action_time": "2026-07-15T04:43:27.788Z", "user": 1, "content_type": 7, "object_id": "156", "object_repr": "STU-2026-026", "action_flag": 3, "change_message": ""}}, {"model": "admin.logentry", "pk": 209, "fields": {"action_time": "2026-07-15T04:43:27.788Z", "user": 1, "content_type": 7, "object_id": "157", "object_repr": "STU-2026-027", "action_flag": 3, "change_message": ""}}, {"model": "admin.logentry", "pk": 210, "fields": {"action_time": "2026-07-15T04:43:27.788Z", "user": 1, "content_type": 7, "object_id": "158", "object_repr": "STU-2026-028", "action_flag": 3, "change_message": ""}}, {"model": "admin.logentry", "pk": 211, "fields": {"action_time": "2026-07-15T04:43:27.788Z", "user": 1, "content_type": 7, "object_id": "159", "object_repr": "STU-2026-029", "action_flag": 3, "change_message": ""}}, {"model": "admin.logentry", "pk": 212, "fields": {"action_time": "2026-07-15T04:43:27.788Z", "user": 1, "content_type": 7, "object_id": "160", "object_repr": "STU-2026-030", "action_flag": 3, "change_message": ""}}, {"model": "admin.logentry", "pk": 213, "fields": {"action_time": "2026-07-15T04:43:27.788Z", "user": 1, "content_type": 7, "object_id": "161", "object_repr": "STU-2026-031", "action_flag": 3, "change_message": ""}}, {"model": "admin.logentry", "pk": 214, "fields": {"action_time": "2026-07-15T04:43:27.788Z", "user": 1, "content_type": 7, "object_id": "162", "object_repr": "STU-2026-032", "action_flag": 3, "change_message": ""}}, {"model": "admin.logentry", "pk": 215, "fields": {"action_time": "2026-07-15T04:43:27.788Z", "user": 1, "content_type": 7, "object_id": "163", "object_repr": "STU-2026-033", "action_flag": 3, "change_message": ""}}, {"model": "admin.logentry", "pk": 216, "fields": {"action_time": "2026-07-15T04:43:27.788Z", "user": 1, "content_type": 7, "object_id": "164", "object_repr": "STU-2026-034", "action_flag": 3, "change_message": ""}}, {"model": "admin.logentry", "pk": 217, "fields": {"action_time": "2026-07-15T04:43:27.788Z", "user": 1, "content_type": 7, "object_id": "165", "object_repr": "STU-2026-035", "action_flag": 3, "change_message": ""}}, {"model": "admin.logentry", "pk": 218, "fields": {"action_time": "2026-07-15T04:43:27.788Z", "user": 1, "content_type": 7, "object_id": "166", "object_repr": "STU-2026-036", "action_flag": 3, "change_message": ""}}, {"model": "admin.logentry", "pk": 219, "fields": {"action_time": "2026-07-15T04:43:27.788Z", "user": 1, "content_type": 7, "object_id": "167", "object_repr": "STU-2026-037", "action_flag": 3, "change_message": ""}}, {"model": "admin.logentry", "pk": 220, "fields": {"action_time": "2026-07-15T04:43:27.788Z", "user": 1, "content_type": 7, "object_id": "168", "object_repr": "STU-2026-038", "action_flag": 3, "change_message": ""}}, {"model": "admin.logentry", "pk": 221, "fields": {"action_time": "2026-07-15T04:43:27.788Z", "user": 1, "content_type": 7, "object_id": "169", "object_repr": "STU-2026-039", "action_flag": 3, "change_message": ""}}, {"model": "admin.logentry", "pk": 222, "fields": {"action_time": "2026-07-15T04:43:27.788Z", "user": 1, "content_type": 7, "object_id": "170", "object_repr": "STU-2026-040", "action_flag": 3, "change_message": ""}}, {"model": "admin.logentry", "pk": 223, "fields": {"action_time": "2026-07-15T04:43:27.788Z", "user": 1, "content_type": 7, "object_id": "171", "object_repr": "STU-2026-041", "action_flag": 3, "change_message": ""}}, {"model": "admin.logentry", "pk": 224, "fields": {"action_time": "2026-07-15T04:43:27.788Z", "user": 1, "content_type": 7, "object_id": "172", "object_repr": "STU-2026-042", "action_flag": 3, "change_message": ""}}, {"model": "admin.logentry", "pk": 225, "fields": {"action_time": "2026-07-15T04:43:27.788Z", "user": 1, "content_type": 7, "object_id": "173", "object_repr": "STU-2026-043", "action_flag": 3, "change_message": ""}}, {"model": "admin.logentry", "pk": 226, "fields": {"action_time": "2026-07-15T04:43:27.788Z", "user": 1, "content_type": 7, "object_id": "174", "object_repr": "STU-2026-044", "action_flag": 3, "change_message": ""}}, {"model": "admin.logentry", "pk": 227, "fields": {"action_time": "2026-07-15T04:43:27.788Z", "user": 1, "content_type": 7, "object_id": "175", "object_repr": "STU-2026-045", "action_flag": 3, "change_message": ""}}, {"model": "admin.logentry", "pk": 228, "fields": {"action_time": "2026-07-15T04:43:27.788Z", "user": 1, "content_type": 7, "object_id": "176", "object_repr": "STU-2026-046", "action_flag": 3, "change_message": ""}}, {"model": "admin.logentry", "pk": 229, "fields": {"action_time": "2026-07-15T04:43:27.788Z", "user": 1, "content_type": 7, "object_id": "177", "object_repr": "STU-2026-047", "action_flag": 3, "change_message": ""}}, {"model": "admin.logentry", "pk": 230, "fields": {"action_time": "2026-07-15T04:43:27.788Z", "user": 1, "content_type": 7, "object_id": "178", "object_repr": "STU-2026-048", "action_flag": 3, "change_message": ""}}, {"model": "admin.logentry", "pk": 231, "fields": {"action_time": "2026-07-15T04:43:27.788Z", "user": 1, "content_type": 7, "object_id": "179", "object_repr": "STU-2026-049", "action_flag": 3, "change_message": ""}}, {"model": "admin.logentry", "pk": 232, "fields": {"action_time": "2026-07-15T04:43:27.788Z", "user": 1, "content_type": 7, "object_id": "180", "object_repr": "STU-2026-050", "action_flag": 3, "change_message": ""}}, {"model": "admin.logentry", "pk": 233, "fields": {"action_time": "2026-07-15T07:09:43.574Z", "user": 1, "content_type": 7, "object_id": "181", "object_repr": "STU-2026-001", "action_flag": 3, "change_message": ""}}, {"model": "admin.logentry", "pk": 234, "fields": {"action_time": "2026-07-15T07:09:43.574Z", "user": 1, "content_type": 7, "object_id": "182", "object_repr": "STU-2026-002", "action_flag": 3, "change_message": ""}}, {"model": "admin.logentry", "pk": 235, "fields": {"action_time": "2026-07-15T07:09:43.574Z", "user": 1, "content_type": 7, "object_id": "183", "object_repr": "STU-2026-003", "action_flag": 3, "change_message": ""}}, {"model": "admin.logentry", "pk": 236, "fields": {"action_time": "2026-07-15T07:09:43.574Z", "user": 1, "content_type": 7, "object_id": "184", "object_repr": "STU-2026-004", "action_flag": 3, "change_message": ""}}, {"model": "admin.logentry", "pk": 237, "fields": {"action_time": "2026-07-15T07:09:43.574Z", "user": 1, "content_type": 7, "object_id": "185", "object_repr": "STU-2026-005", "action_flag": 3, "change_message": ""}}, {"model": "admin.logentry", "pk": 238, "fields": {"action_time": "2026-07-15T07:09:43.574Z", "user": 1, "content_type": 7, "object_id": "186", "object_repr": "STU-2026-006", "action_flag": 3, "change_message": ""}}, {"model": "admin.logentry", "pk": 239, "fields": {"action_time": "2026-07-15T07:09:43.574Z", "user": 1, "content_type": 7, "object_id": "187", "object_repr": "STU-2026-007", "action_flag": 3, "change_message": ""}}, {"model": "admin.logentry", "pk": 240, "fields": {"action_time": "2026-07-15T07:09:43.574Z", "user": 1, "content_type": 7, "object_id": "188", "object_repr": "STU-2026-008", "action_flag": 3, "change_message": ""}}, {"model": "admin.logentry", "pk": 241, "fields": {"action_time": "2026-07-15T07:09:43.574Z", "user": 1, "content_type": 7, "object_id": "189", "object_repr": "STU-2026-009", "action_flag": 3, "change_message": ""}}, {"model": "admin.logentry", "pk": 242, "fields": {"action_time": "2026-07-15T07:09:43.574Z", "user": 1, "content_type": 7, "object_id": "190", "object_repr": "STU-2026-010", "action_flag": 3, "change_message": ""}}, {"model": "admin.logentry", "pk": 243, "fields": {"action_time": "2026-07-15T07:09:43.574Z", "user": 1, "content_type": 7, "object_id": "191", "object_repr": "STU-2026-011", "action_flag": 3, "change_message": ""}}, {"model": "admin.logentry", "pk": 244, "fields": {"action_time": "2026-07-15T07:09:43.574Z", "user": 1, "content_type": 7, "object_id": "192", "object_repr": "STU-2026-012", "action_flag": 3, "change_message": ""}}, {"model": "admin.logentry", "pk": 245, "fields": {"action_time": "2026-07-15T07:09:43.574Z", "user": 1, "content_type": 7, "object_id": "193", "object_repr": "STU-2026-013", "action_flag": 3, "change_message": ""}}, {"model": "admin.logentry", "pk": 246, "fields": {"action_time": "2026-07-15T07:09:43.574Z", "user": 1, "content_type": 7, "object_id": "194", "object_repr": "STU-2026-014", "action_flag": 3, "change_message": ""}}, {"model": "admin.logentry", "pk": 247, "fields": {"action_time": "2026-07-15T07:09:43.574Z", "user": 1, "content_type": 7, "object_id": "195", "object_repr": "STU-2026-015", "action_flag": 3, "change_message": ""}}, {"model": "admin.logentry", "pk": 248, "fields": {"action_time": "2026-07-15T07:09:43.574Z", "user": 1, "content_type": 7, "object_id": "196", "object_repr": "STU-2026-016", "action_flag": 3, "change_message": ""}}, {"model": "admin.logentry", "pk": 249, "fields": {"action_time": "2026-07-15T07:09:43.574Z", "user": 1, "content_type": 7, "object_id": "197", "object_repr": "STU-2026-017", "action_flag": 3, "change_message": ""}}, {"model": "admin.logentry", "pk": 250, "fields": {"action_time": "2026-07-15T07:09:43.574Z", "user": 1, "content_type": 7, "object_id": "198", "object_repr": "STU-2026-018", "action_flag": 3, "change_message": ""}}, {"model": "admin.logentry", "pk": 251, "fields": {"action_time": "2026-07-15T07:09:43.574Z", "user": 1, "content_type": 7, "object_id": "199", "object_repr": "STU-2026-019", "action_flag": 3, "change_message": ""}}, {"model": "admin.logentry", "pk": 252, "fields": {"action_time": "2026-07-15T07:09:43.574Z", "user": 1, "content_type": 7, "object_id": "200", "object_repr": "STU-2026-020", "action_flag": 3, "change_message": ""}}, {"model": "admin.logentry", "pk": 253, "fields": {"action_time": "2026-07-15T07:09:43.574Z", "user": 1, "content_type": 7, "object_id": "201", "object_repr": "STU-2026-021", "action_flag": 3, "change_message": ""}}, {"model": "admin.logentry", "pk": 254, "fields": {"action_time": "2026-07-15T07:09:43.574Z", "user": 1, "content_type": 7, "object_id": "202", "object_repr": "STU-2026-022", "action_flag": 3, "change_message": ""}}, {"model": "admin.logentry", "pk": 255, "fields": {"action_time": "2026-07-15T07:09:43.574Z", "user": 1, "content_type": 7, "object_id": "203", "object_repr": "STU-2026-023", "action_flag": 3, "change_message": ""}}, {"model": "admin.logentry", "pk": 256, "fields": {"action_time": "2026-07-15T07:09:43.574Z", "user": 1, "content_type": 7, "object_id": "204", "object_repr": "STU-2026-024", "action_flag": 3, "change_message": ""}}, {"model": "admin.logentry", "pk": 257, "fields": {"action_time": "2026-07-15T07:09:43.574Z", "user": 1, "content_type": 7, "object_id": "205", "object_repr": "STU-2026-025", "action_flag": 3, "change_message": ""}}, {"model": "admin.logentry", "pk": 258, "fields": {"action_time": "2026-07-15T07:09:43.574Z", "user": 1, "content_type": 7, "object_id": "206", "object_repr": "STU-2026-026", "action_flag": 3, "change_message": ""}}, {"model": "admin.logentry", "pk": 259, "fields": {"action_time": "2026-07-15T07:09:43.574Z", "user": 1, "content_type": 7, "object_id": "207", "object_repr": "STU-2026-027", "action_flag": 3, "change_message": ""}}, {"model": "admin.logentry", "pk": 260, "fields": {"action_time": "2026-07-15T07:09:43.574Z", "user": 1, "content_type": 7, "object_id": "208", "object_repr": "STU-2026-028", "action_flag": 3, "change_message": ""}}, {"model": "admin.logentry", "pk": 261, "fields": {"action_time": "2026-07-15T07:09:43.574Z", "user": 1, "content_type": 7, "object_id": "209", "object_repr": "STU-2026-029", "action_flag": 3, "change_message": ""}}, {"model": "admin.logentry", "pk": 262, "fields": {"action_time": "2026-07-15T07:09:43.574Z", "user": 1, "content_type": 7, "object_id": "210", "object_repr": "STU-2026-030", "action_flag": 3, "change_message": ""}}, {"model": "admin.logentry", "pk": 263, "fields": {"action_time": "2026-07-15T07:09:43.574Z", "user": 1, "content_type": 7, "object_id": "211", "object_repr": "STU-2026-031", "action_flag": 3, "change_message": ""}}, {"model": "admin.logentry", "pk": 264, "fields": {"action_time": "2026-07-15T07:09:43.574Z", "user": 1, "content_type": 7, "object_id": "212", "object_repr": "STU-2026-032", "action_flag": 3, "change_message": ""}}, {"model": "admin.logentry", "pk": 265, "fields": {"action_time": "2026-07-15T07:09:43.574Z", "user": 1, "content_type": 7, "object_id": "213", "object_repr": "STU-2026-033", "action_flag": 3, "change_message": ""}}, {"model": "admin.logentry", "pk": 266, "fields": {"action_time": "2026-07-15T07:09:43.574Z", "user": 1, "content_type": 7, "object_id": "214", "object_repr": "STU-2026-034", "action_flag": 3, "change_message": ""}}, {"model": "admin.logentry", "pk": 267, "fields": {"action_time": "2026-07-15T07:09:43.574Z", "user": 1, "content_type": 7, "object_id": "215", "object_repr": "STU-2026-035", "action_flag": 3, "change_message": ""}}, {"model": "admin.logentry", "pk": 268, "fields": {"action_time": "2026-07-15T07:09:43.574Z", "user": 1, "content_type": 7, "object_id": "216", "object_repr": "STU-2026-036", "action_flag": 3, "change_message": ""}}, {"model": "admin.logentry", "pk": 269, "fields": {"action_time": "2026-07-15T07:09:43.574Z", "user": 1, "content_type": 7, "object_id": "217", "object_repr": "STU-2026-037", "action_flag": 3, "change_message": ""}}, {"model": "admin.logentry", "pk": 270, "fields": {"action_time": "2026-07-15T07:09:43.574Z", "user": 1, "content_type": 7, "object_id": "218", "object_repr": "STU-2026-038", "action_flag": 3, "change_message": ""}}, {"model": "admin.logentry", "pk": 271, "fields": {"action_time": "2026-07-15T07:09:43.574Z", "user": 1, "content_type": 7, "object_id": "219", "object_repr": "STU-2026-039", "action_flag": 3, "change_message": ""}}, {"model": "admin.logentry", "pk": 272, "fields": {"action_time": "2026-07-15T07:09:43.574Z", "user": 1, "content_type": 7, "object_id": "220", "object_repr": "STU-2026-040", "action_flag": 3, "change_message": ""}}, {"model": "admin.logentry", "pk": 273, "fields": {"action_time": "2026-07-15T07:09:43.574Z", "user": 1, "content_type": 7, "object_id": "221", "object_repr": "STU-2026-041", "action_flag": 3, "change_message": ""}}, {"model": "admin.logentry", "pk": 274, "fields": {"action_time": "2026-07-15T07:09:43.574Z", "user": 1, "content_type": 7, "object_id": "222", "object_repr": "STU-2026-042", "action_flag": 3, "change_message": ""}}, {"model": "admin.logentry", "pk": 275, "fields": {"action_time": "2026-07-15T07:09:43.575Z", "user": 1, "content_type": 7, "object_id": "223", "object_repr": "STU-2026-043", "action_flag": 3, "change_message": ""}}, {"model": "admin.logentry", "pk": 276, "fields": {"action_time": "2026-07-15T07:09:43.575Z", "user": 1, "content_type": 7, "object_id": "224", "object_repr": "STU-2026-044", "action_flag": 3, "change_message": ""}}, {"model": "admin.logentry", "pk": 277, "fields": {"action_time": "2026-07-15T07:09:43.575Z", "user": 1, "content_type": 7, "object_id": "225", "object_repr": "STU-2026-045", "action_flag": 3, "change_message": ""}}, {"model": "admin.logentry", "pk": 278, "fields": {"action_time": "2026-07-15T07:09:43.575Z", "user": 1, "content_type": 7, "object_id": "226", "object_repr": "STU-2026-046", "action_flag": 3, "change_message": ""}}, {"model": "admin.logentry", "pk": 279, "fields": {"action_time": "2026-07-15T07:09:43.575Z", "user": 1, "content_type": 7, "object_id": "227", "object_repr": "STU-2026-047", "action_flag": 3, "change_message": ""}}, {"model": "admin.logentry", "pk": 280, "fields": {"action_time": "2026-07-15T07:09:43.575Z", "user": 1, "content_type": 7, "object_id": "228", "object_repr": "STU-2026-048", "action_flag": 3, "change_message": ""}}, {"model": "admin.logentry", "pk": 281, "fields": {"action_time": "2026-07-15T07:09:43.575Z", "user": 1, "content_type": 7, "object_id": "229", "object_repr": "STU-2026-049", "action_flag": 3, "change_message": ""}}, {"model": "admin.logentry", "pk": 282, "fields": {"action_time": "2026-07-15T07:09:43.575Z", "user": 1, "content_type": 7, "object_id": "230", "object_repr": "STU-2026-050", "action_flag": 3, "change_message": ""}}, {"model": "admin.logentry", "pk": 283, "fields": {"action_time": "2026-07-15T07:23:56.291Z", "user": 1, "content_type": 7, "object_id": "231", "object_repr": "STU-2026-001", "action_flag": 3, "change_message": ""}}, {"model": "admin.logentry", "pk": 284, "fields": {"action_time": "2026-07-15T07:23:56.291Z", "user": 1, "content_type": 7, "object_id": "232", "object_repr": "STU-2026-002", "action_flag": 3, "change_message": ""}}, {"model": "admin.logentry", "pk": 285, "fields": {"action_time": "2026-07-15T07:23:56.291Z", "user": 1, "content_type": 7, "object_id": "233", "object_repr": "STU-2026-003", "action_flag": 3, "change_message": ""}}, {"model": "admin.logentry", "pk": 286, "fields": {"action_time": "2026-07-15T07:23:56.291Z", "user": 1, "content_type": 7, "object_id": "234", "object_repr": "STU-2026-004", "action_flag": 3, "change_message": ""}}, {"model": "admin.logentry", "pk": 287, "fields": {"action_time": "2026-07-15T07:23:56.291Z", "user": 1, "content_type": 7, "object_id": "235", "object_repr": "STU-2026-005", "action_flag": 3, "change_message": ""}}, {"model": "admin.logentry", "pk": 288, "fields": {"action_time": "2026-07-15T07:23:56.291Z", "user": 1, "content_type": 7, "object_id": "236", "object_repr": "STU-2026-006", "action_flag": 3, "change_message": ""}}, {"model": "admin.logentry", "pk": 289, "fields": {"action_time": "2026-07-15T07:23:56.291Z", "user": 1, "content_type": 7, "object_id": "237", "object_repr": "STU-2026-007", "action_flag": 3, "change_message": ""}}, {"model": "admin.logentry", "pk": 290, "fields": {"action_time": "2026-07-15T07:23:56.291Z", "user": 1, "content_type": 7, "object_id": "238", "object_repr": "STU-2026-008", "action_flag": 3, "change_message": ""}}, {"model": "admin.logentry", "pk": 291, "fields": {"action_time": "2026-07-15T07:23:56.291Z", "user": 1, "content_type": 7, "object_id": "239", "object_repr": "STU-2026-009", "action_flag": 3, "change_message": ""}}, {"model": "admin.logentry", "pk": 292, "fields": {"action_time": "2026-07-15T07:23:56.291Z", "user": 1, "content_type": 7, "object_id": "240", "object_repr": "STU-2026-010", "action_flag": 3, "change_message": ""}}, {"model": "admin.logentry", "pk": 293, "fields": {"action_time": "2026-07-15T07:23:56.291Z", "user": 1, "content_type": 7, "object_id": "241", "object_repr": "STU-2026-011", "action_flag": 3, "change_message": ""}}, {"model": "admin.logentry", "pk": 294, "fields": {"action_time": "2026-07-15T07:23:56.291Z", "user": 1, "content_type": 7, "object_id": "242", "object_repr": "STU-2026-012", "action_flag": 3, "change_message": ""}}, {"model": "admin.logentry", "pk": 295, "fields": {"action_time": "2026-07-15T07:23:56.291Z", "user": 1, "content_type": 7, "object_id": "243", "object_repr": "STU-2026-013", "action_flag": 3, "change_message": ""}}, {"model": "admin.logentry", "pk": 296, "fields": {"action_time": "2026-07-15T07:23:56.291Z", "user": 1, "content_type": 7, "object_id": "244", "object_repr": "STU-2026-014", "action_flag": 3, "change_message": ""}}, {"model": "admin.logentry", "pk": 297, "fields": {"action_time": "2026-07-15T07:23:56.291Z", "user": 1, "content_type": 7, "object_id": "245", "object_repr": "STU-2026-015", "action_flag": 3, "change_message": ""}}, {"model": "admin.logentry", "pk": 298, "fields": {"action_time": "2026-07-15T07:23:56.291Z", "user": 1, "content_type": 7, "object_id": "246", "object_repr": "STU-2026-016", "action_flag": 3, "change_message": ""}}, {"model": "admin.logentry", "pk": 299, "fields": {"action_time": "2026-07-15T07:23:56.291Z", "user": 1, "content_type": 7, "object_id": "247", "object_repr": "STU-2026-017", "action_flag": 3, "change_message": ""}}, {"model": "admin.logentry", "pk": 300, "fields": {"action_time": "2026-07-15T07:23:56.291Z", "user": 1, "content_type": 7, "object_id": "248", "object_repr": "STU-2026-018", "action_flag": 3, "change_message": ""}}, {"model": "admin.logentry", "pk": 301, "fields": {"action_time": "2026-07-15T07:23:56.291Z", "user": 1, "content_type": 7, "object_id": "249", "object_repr": "STU-2026-019", "action_flag": 3, "change_message": ""}}, {"model": "admin.logentry", "pk": 302, "fields": {"action_time": "2026-07-15T07:23:56.291Z", "user": 1, "content_type": 7, "object_id": "250", "object_repr": "STU-2026-020", "action_flag": 3, "change_message": ""}}, {"model": "admin.logentry", "pk": 303, "fields": {"action_time": "2026-07-15T07:23:56.291Z", "user": 1, "content_type": 7, "object_id": "251", "object_repr": "STU-2026-021", "action_flag": 3, "change_message": ""}}, {"model": "admin.logentry", "pk": 304, "fields": {"action_time": "2026-07-15T07:23:56.291Z", "user": 1, "content_type": 7, "object_id": "252", "object_repr": "STU-2026-022", "action_flag": 3, "change_message": ""}}, {"model": "admin.logentry", "pk": 305, "fields": {"action_time": "2026-07-15T07:23:56.291Z", "user": 1, "content_type": 7, "object_id": "253", "object_repr": "STU-2026-023", "action_flag": 3, "change_message": ""}}, {"model": "admin.logentry", "pk": 306, "fields": {"action_time": "2026-07-15T07:23:56.291Z", "user": 1, "content_type": 7, "object_id": "254", "object_repr": "STU-2026-024", "action_flag": 3, "change_message": ""}}, {"model": "admin.logentry", "pk": 307, "fields": {"action_time": "2026-07-15T07:23:56.291Z", "user": 1, "content_type": 7, "object_id": "255", "object_repr": "STU-2026-025", "action_flag": 3, "change_message": ""}}, {"model": "admin.logentry", "pk": 308, "fields": {"action_time": "2026-07-15T07:23:56.291Z", "user": 1, "content_type": 7, "object_id": "256", "object_repr": "STU-2026-026", "action_flag": 3, "change_message": ""}}, {"model": "admin.logentry", "pk": 309, "fields": {"action_time": "2026-07-15T07:23:56.291Z", "user": 1, "content_type": 7, "object_id": "257", "object_repr": "STU-2026-027", "action_flag": 3, "change_message": ""}}, {"model": "admin.logentry", "pk": 310, "fields": {"action_time": "2026-07-15T07:23:56.291Z", "user": 1, "content_type": 7, "object_id": "258", "object_repr": "STU-2026-028", "action_flag": 3, "change_message": ""}}, {"model": "admin.logentry", "pk": 311, "fields": {"action_time": "2026-07-15T07:23:56.291Z", "user": 1, "content_type": 7, "object_id": "259", "object_repr": "STU-2026-029", "action_flag": 3, "change_message": ""}}, {"model": "admin.logentry", "pk": 312, "fields": {"action_time": "2026-07-15T07:23:56.291Z", "user": 1, "content_type": 7, "object_id": "260", "object_repr": "STU-2026-030", "action_flag": 3, "change_message": ""}}, {"model": "admin.logentry", "pk": 313, "fields": {"action_time": "2026-07-15T07:23:56.291Z", "user": 1, "content_type": 7, "object_id": "261", "object_repr": "STU-2026-031", "action_flag": 3, "change_message": ""}}, {"model": "admin.logentry", "pk": 314, "fields": {"action_time": "2026-07-15T07:23:56.291Z", "user": 1, "content_type": 7, "object_id": "262", "object_repr": "STU-2026-032", "action_flag": 3, "change_message": ""}}, {"model": "admin.logentry", "pk": 315, "fields": {"action_time": "2026-07-15T07:23:56.291Z", "user": 1, "content_type": 7, "object_id": "263", "object_repr": "STU-2026-033", "action_flag": 3, "change_message": ""}}, {"model": "admin.logentry", "pk": 316, "fields": {"action_time": "2026-07-15T07:23:56.291Z", "user": 1, "content_type": 7, "object_id": "264", "object_repr": "STU-2026-034", "action_flag": 3, "change_message": ""}}, {"model": "admin.logentry", "pk": 317, "fields": {"action_time": "2026-07-15T07:23:56.291Z", "user": 1, "content_type": 7, "object_id": "265", "object_repr": "STU-2026-035", "action_flag": 3, "change_message": ""}}, {"model": "admin.logentry", "pk": 318, "fields": {"action_time": "2026-07-15T07:23:56.291Z", "user": 1, "content_type": 7, "object_id": "266", "object_repr": "STU-2026-036", "action_flag": 3, "change_message": ""}}, {"model": "admin.logentry", "pk": 319, "fields": {"action_time": "2026-07-15T07:23:56.291Z", "user": 1, "content_type": 7, "object_id": "267", "object_repr": "STU-2026-037", "action_flag": 3, "change_message": ""}}, {"model": "admin.logentry", "pk": 320, "fields": {"action_time": "2026-07-15T07:23:56.291Z", "user": 1, "content_type": 7, "object_id": "268", "object_repr": "STU-2026-038", "action_flag": 3, "change_message": ""}}, {"model": "admin.logentry", "pk": 321, "fields": {"action_time": "2026-07-15T07:23:56.291Z", "user": 1, "content_type": 7, "object_id": "269", "object_repr": "STU-2026-039", "action_flag": 3, "change_message": ""}}, {"model": "admin.logentry", "pk": 322, "fields": {"action_time": "2026-07-15T07:23:56.291Z", "user": 1, "content_type": 7, "object_id": "270", "object_repr": "STU-2026-040", "action_flag": 3, "change_message": ""}}, {"model": "admin.logentry", "pk": 323, "fields": {"action_time": "2026-07-15T07:23:56.291Z", "user": 1, "content_type": 7, "object_id": "271", "object_repr": "STU-2026-041", "action_flag": 3, "change_message": ""}}, {"model": "admin.logentry", "pk": 324, "fields": {"action_time": "2026-07-15T07:23:56.292Z", "user": 1, "content_type": 7, "object_id": "272", "object_repr": "STU-2026-042", "action_flag": 3, "change_message": ""}}, {"model": "admin.logentry", "pk": 325, "fields": {"action_time": "2026-07-15T07:23:56.292Z", "user": 1, "content_type": 7, "object_id": "273", "object_repr": "STU-2026-043", "action_flag": 3, "change_message": ""}}, {"model": "admin.logentry", "pk": 326, "fields": {"action_time": "2026-07-15T07:23:56.292Z", "user": 1, "content_type": 7, "object_id": "274", "object_repr": "STU-2026-044", "action_flag": 3, "change_message": ""}}, {"model": "admin.logentry", "pk": 327, "fields": {"action_time": "2026-07-15T07:23:56.292Z", "user": 1, "content_type": 7, "object_id": "275", "object_repr": "STU-2026-045", "action_flag": 3, "change_message": ""}}, {"model": "admin.logentry", "pk": 328, "fields": {"action_time": "2026-07-15T07:23:56.292Z", "user": 1, "content_type": 7, "object_id": "276", "object_repr": "STU-2026-046", "action_flag": 3, "change_message": ""}}, {"model": "admin.logentry", "pk": 329, "fields": {"action_time": "2026-07-15T07:23:56.292Z", "user": 1, "content_type": 7, "object_id": "277", "object_repr": "STU-2026-047", "action_flag": 3, "change_message": ""}}, {"model": "admin.logentry", "pk": 330, "fields": {"action_time": "2026-07-15T07:23:56.292Z", "user": 1, "content_type": 7, "object_id": "278", "object_repr": "STU-2026-048", "action_flag": 3, "change_message": ""}}, {"model": "admin.logentry", "pk": 331, "fields": {"action_time": "2026-07-15T07:23:56.292Z", "user": 1, "content_type": 7, "object_id": "279", "object_repr": "STU-2026-049", "action_flag": 3, "change_message": ""}}, {"model": "admin.logentry", "pk": 332, "fields": {"action_time": "2026-07-15T07:23:56.292Z", "user": 1, "content_type": 7, "object_id": "280", "object_repr": "STU-2026-050", "action_flag": 3, "change_message": ""}}, {"model": "admin.logentry", "pk": 333, "fields": {"action_time": "2026-07-15T07:45:05.989Z", "user": 1, "content_type": 7, "object_id": "281", "object_repr": "STU-2026-001", "action_flag": 3, "change_message": ""}}, {"model": "admin.logentry", "pk": 334, "fields": {"action_time": "2026-07-15T07:46:53.738Z", "user": 1, "content_type": 7, "object_id": "282", "object_repr": "STU-2026-001", "action_flag": 3, "change_message": ""}}, {"model": "admin.logentry", "pk": 335, "fields": {"action_time": "2026-07-15T07:46:53.738Z", "user": 1, "content_type": 7, "object_id": "283", "object_repr": "STU-2026-002", "action_flag": 3, "change_message": ""}}, {"model": "admin.logentry", "pk": 336, "fields": {"action_time": "2026-07-15T07:46:53.738Z", "user": 1, "content_type": 7, "object_id": "284", "object_repr": "STU-2026-003", "action_flag": 3, "change_message": ""}}, {"model": "admin.logentry", "pk": 337, "fields": {"action_time": "2026-07-15T07:46:53.738Z", "user": 1, "content_type": 7, "object_id": "285", "object_repr": "STU-2026-004", "action_flag": 3, "change_message": ""}}, {"model": "admin.logentry", "pk": 338, "fields": {"action_time": "2026-07-15T07:46:53.738Z", "user": 1, "content_type": 7, "object_id": "286", "object_repr": "STU-2026-005", "action_flag": 3, "change_message": ""}}, {"model": "admin.logentry", "pk": 339, "fields": {"action_time": "2026-07-15T07:46:53.738Z", "user": 1, "content_type": 7, "object_id": "287", "object_repr": "STU-2026-006", "action_flag": 3, "change_message": ""}}, {"model": "admin.logentry", "pk": 340, "fields": {"action_time": "2026-07-15T07:46:53.738Z", "user": 1, "content_type": 7, "object_id": "288", "object_repr": "STU-2026-007", "action_flag": 3, "change_message": ""}}, {"model": "admin.logentry", "pk": 341, "fields": {"action_time": "2026-07-15T07:46:53.738Z", "user": 1, "content_type": 7, "object_id": "289", "object_repr": "STU-2026-008", "action_flag": 3, "change_message": ""}}, {"model": "admin.logentry", "pk": 342, "fields": {"action_time": "2026-07-15T07:46:53.738Z", "user": 1, "content_type": 7, "object_id": "290", "object_repr": "STU-2026-009", "action_flag": 3, "change_message": ""}}, {"model": "admin.logentry", "pk": 343, "fields": {"action_time": "2026-07-15T07:46:53.738Z", "user": 1, "content_type": 7, "object_id": "291", "object_repr": "STU-2026-010", "action_flag": 3, "change_message": ""}}, {"model": "admin.logentry", "pk": 344, "fields": {"action_time": "2026-07-15T07:46:53.738Z", "user": 1, "content_type": 7, "object_id": "292", "object_repr": "STU-2026-011", "action_flag": 3, "change_message": ""}}, {"model": "admin.logentry", "pk": 345, "fields": {"action_time": "2026-07-15T07:46:53.738Z", "user": 1, "content_type": 7, "object_id": "293", "object_repr": "STU-2026-012", "action_flag": 3, "change_message": ""}}, {"model": "admin.logentry", "pk": 346, "fields": {"action_time": "2026-07-15T07:46:53.738Z", "user": 1, "content_type": 7, "object_id": "294", "object_repr": "STU-2026-013", "action_flag": 3, "change_message": ""}}, {"model": "admin.logentry", "pk": 347, "fields": {"action_time": "2026-07-15T07:46:53.738Z", "user": 1, "content_type": 7, "object_id": "295", "object_repr": "STU-2026-014", "action_flag": 3, "change_message": ""}}, {"model": "admin.logentry", "pk": 348, "fields": {"action_time": "2026-07-15T07:46:53.738Z", "user": 1, "content_type": 7, "object_id": "296", "object_repr": "STU-2026-015", "action_flag": 3, "change_message": ""}}, {"model": "admin.logentry", "pk": 349, "fields": {"action_time": "2026-07-15T07:46:53.738Z", "user": 1, "content_type": 7, "object_id": "297", "object_repr": "STU-2026-016", "action_flag": 3, "change_message": ""}}, {"model": "admin.logentry", "pk": 350, "fields": {"action_time": "2026-07-15T07:46:53.738Z", "user": 1, "content_type": 7, "object_id": "298", "object_repr": "STU-2026-017", "action_flag": 3, "change_message": ""}}, {"model": "admin.logentry", "pk": 351, "fields": {"action_time": "2026-07-15T07:46:53.738Z", "user": 1, "content_type": 7, "object_id": "299", "object_repr": "STU-2026-018", "action_flag": 3, "change_message": ""}}, {"model": "admin.logentry", "pk": 352, "fields": {"action_time": "2026-07-15T07:46:53.738Z", "user": 1, "content_type": 7, "object_id": "300", "object_repr": "STU-2026-019", "action_flag": 3, "change_message": ""}}, {"model": "admin.logentry", "pk": 353, "fields": {"action_time": "2026-07-15T07:46:53.738Z", "user": 1, "content_type": 7, "object_id": "301", "object_repr": "STU-2026-020", "action_flag": 3, "change_message": ""}}, {"model": "admin.logentry", "pk": 354, "fields": {"action_time": "2026-07-15T07:46:53.738Z", "user": 1, "content_type": 7, "object_id": "302", "object_repr": "STU-2026-021", "action_flag": 3, "change_message": ""}}, {"model": "admin.logentry", "pk": 355, "fields": {"action_time": "2026-07-15T07:46:53.738Z", "user": 1, "content_type": 7, "object_id": "303", "object_repr": "STU-2026-022", "action_flag": 3, "change_message": ""}}, {"model": "admin.logentry", "pk": 356, "fields": {"action_time": "2026-07-15T07:46:53.738Z", "user": 1, "content_type": 7, "object_id": "304", "object_repr": "STU-2026-023", "action_flag": 3, "change_message": ""}}, {"model": "admin.logentry", "pk": 357, "fields": {"action_time": "2026-07-15T07:46:53.738Z", "user": 1, "content_type": 7, "object_id": "305", "object_repr": "STU-2026-024", "action_flag": 3, "change_message": ""}}, {"model": "admin.logentry", "pk": 358, "fields": {"action_time": "2026-07-15T07:46:53.738Z", "user": 1, "content_type": 7, "object_id": "306", "object_repr": "STU-2026-025", "action_flag": 3, "change_message": ""}}, {"model": "admin.logentry", "pk": 359, "fields": {"action_time": "2026-07-15T07:46:53.738Z", "user": 1, "content_type": 7, "object_id": "307", "object_repr": "STU-2026-026", "action_flag": 3, "change_message": ""}}, {"model": "admin.logentry", "pk": 360, "fields": {"action_time": "2026-07-15T07:46:53.738Z", "user": 1, "content_type": 7, "object_id": "308", "object_repr": "STU-2026-027", "action_flag": 3, "change_message": ""}}, {"model": "admin.logentry", "pk": 361, "fields": {"action_time": "2026-07-15T07:46:53.738Z", "user": 1, "content_type": 7, "object_id": "309", "object_repr": "STU-2026-028", "action_flag": 3, "change_message": ""}}, {"model": "admin.logentry", "pk": 362, "fields": {"action_time": "2026-07-15T07:46:53.738Z", "user": 1, "content_type": 7, "object_id": "310", "object_repr": "STU-2026-029", "action_flag": 3, "change_message": ""}}, {"model": "admin.logentry", "pk": 363, "fields": {"action_time": "2026-07-15T07:46:53.738Z", "user": 1, "content_type": 7, "object_id": "311", "object_repr": "STU-2026-030", "action_flag": 3, "change_message": ""}}, {"model": "admin.logentry", "pk": 364, "fields": {"action_time": "2026-07-15T07:46:53.738Z", "user": 1, "content_type": 7, "object_id": "312", "object_repr": "STU-2026-031", "action_flag": 3, "change_message": ""}}, {"model": "admin.logentry", "pk": 365, "fields": {"action_time": "2026-07-15T07:46:53.738Z", "user": 1, "content_type": 7, "object_id": "313", "object_repr": "STU-2026-032", "action_flag": 3, "change_message": ""}}, {"model": "admin.logentry", "pk": 366, "fields": {"action_time": "2026-07-15T07:46:53.738Z", "user": 1, "content_type": 7, "object_id": "314", "object_repr": "STU-2026-033", "action_flag": 3, "change_message": ""}}, {"model": "admin.logentry", "pk": 367, "fields": {"action_time": "2026-07-15T07:46:53.738Z", "user": 1, "content_type": 7, "object_id": "315", "object_repr": "STU-2026-034", "action_flag": 3, "change_message": ""}}, {"model": "admin.logentry", "pk": 368, "fields": {"action_time": "2026-07-15T07:46:53.738Z", "user": 1, "content_type": 7, "object_id": "316", "object_repr": "STU-2026-035", "action_flag": 3, "change_message": ""}}, {"model": "admin.logentry", "pk": 369, "fields": {"action_time": "2026-07-15T07:46:53.738Z", "user": 1, "content_type": 7, "object_id": "317", "object_repr": "STU-2026-036", "action_flag": 3, "change_message": ""}}, {"model": "admin.logentry", "pk": 370, "fields": {"action_time": "2026-07-15T07:46:53.738Z", "user": 1, "content_type": 7, "object_id": "318", "object_repr": "STU-2026-037", "action_flag": 3, "change_message": ""}}, {"model": "admin.logentry", "pk": 371, "fields": {"action_time": "2026-07-15T07:46:53.738Z", "user": 1, "content_type": 7, "object_id": "319", "object_repr": "STU-2026-038", "action_flag": 3, "change_message": ""}}, {"model": "admin.logentry", "pk": 372, "fields": {"action_time": "2026-07-15T07:46:53.738Z", "user": 1, "content_type": 7, "object_id": "320", "object_repr": "STU-2026-039", "action_flag": 3, "change_message": ""}}, {"model": "admin.logentry", "pk": 373, "fields": {"action_time": "2026-07-15T07:46:53.738Z", "user": 1, "content_type": 7, "object_id": "321", "object_repr": "STU-2026-040", "action_flag": 3, "change_message": ""}}, {"model": "admin.logentry", "pk": 374, "fields": {"action_time": "2026-07-15T07:46:53.738Z", "user": 1, "content_type": 7, "object_id": "322", "object_repr": "STU-2026-041", "action_flag": 3, "change_message": ""}}, {"model": "admin.logentry", "pk": 375, "fields": {"action_time": "2026-07-15T07:46:53.738Z", "user": 1, "content_type": 7, "object_id": "323", "object_repr": "STU-2026-042", "action_flag": 3, "change_message": ""}}, {"model": "admin.logentry", "pk": 376, "fields": {"action_time": "2026-07-15T07:46:53.738Z", "user": 1, "content_type": 7, "object_id": "324", "object_repr": "STU-2026-043", "action_flag": 3, "change_message": ""}}, {"model": "admin.logentry", "pk": 377, "fields": {"action_time": "2026-07-15T07:46:53.738Z", "user": 1, "content_type": 7, "object_id": "325", "object_repr": "STU-2026-044", "action_flag": 3, "change_message": ""}}, {"model": "admin.logentry", "pk": 378, "fields": {"action_time": "2026-07-15T07:46:53.738Z", "user": 1, "content_type": 7, "object_id": "326", "object_repr": "STU-2026-045", "action_flag": 3, "change_message": ""}}, {"model": "admin.logentry", "pk": 379, "fields": {"action_time": "2026-07-15T07:46:53.738Z", "user": 1, "content_type": 7, "object_id": "327", "object_repr": "STU-2026-046", "action_flag": 3, "change_message": ""}}, {"model": "admin.logentry", "pk": 380, "fields": {"action_time": "2026-07-15T07:46:53.738Z", "user": 1, "content_type": 7, "object_id": "328", "object_repr": "STU-2026-047", "action_flag": 3, "change_message": ""}}, {"model": "admin.logentry", "pk": 381, "fields": {"action_time": "2026-07-15T07:46:53.738Z", "user": 1, "content_type": 7, "object_id": "329", "object_repr": "STU-2026-048", "action_flag": 3, "change_message": ""}}, {"model": "admin.logentry", "pk": 382, "fields": {"action_time": "2026-07-15T07:46:53.738Z", "user": 1, "content_type": 7, "object_id": "330", "object_repr": "STU-2026-049", "action_flag": 3, "change_message": ""}}, {"model": "admin.logentry", "pk": 383, "fields": {"action_time": "2026-07-15T07:46:53.738Z", "user": 1, "content_type": 7, "object_id": "331", "object_repr": "STU-2026-050", "action_flag": 3, "change_message": ""}}, {"model": "admin.logentry", "pk": 384, "fields": {"action_time": "2026-07-21T04:21:07.470Z", "user": 1, "content_type": 7, "object_id": "332", "object_repr": "STU-2026-001", "action_flag": 2, "change_message": "[{\"changed\": {\"fields\": [\"password\"]}}]"}}, {"model": "admin.logentry", "pk": 385, "fields": {"action_time": "2026-07-21T08:53:35.452Z", "user": 1, "content_type": 7, "object_id": "332", "object_repr": "STU-2026-001", "action_flag": 3, "change_message": ""}}, {"model": "sessions.session", "pk": "0sq738podu8j2r6rw9ic5p78twc4a1b2", "fields": {"session_data": ".eJxVjEEOwiAQAP-yZ0MQFog9evcNZHcBqRpISnsy_t006UGvM5N5Q6RtrXEbeYlzggm8htMvZJJnbrtJD2r3rqS3dZlZ7Yk67FC3nvLrerR_g0qjwgRUpPDZOinOsrGBTLiknKywz4LMzoYi2iGyzSToMXDQAU0hbTQWD58vN1g4sQ:1wjZBI:bl2LxoaXtdBDJX9V1xOFTJLVtnTtIyrHiR-bmSbdtLA", "expire_date": "2026-07-28T09:12:00.924Z"}}, {"model": "sessions.session", "pk": "1iavqgdyqlxify9zdvfxx9wt209k0yj3", "fields": {"session_data": ".eJxVjEEOgjAQRe_StWlmBsu0Lt1zBtJpp4IaSCisjHdXEha6_e-9_zJ93Nah36ou_ZjNxTQBzOl3lZgeOu0o3-N0m22ap3UZxe6KPWi13Zz1eT3cv4Mh1uFbs8esXM6OPRGJo-KzCgUkiBLQg2DyjJDIISsUCMTkpW0CaQsFzfsDDtw3GA:1wmQZV:zuOZVyUfLV0WCMUeC6Saz4esc04u6xQ56Spn928yCuY", "expire_date": "2026-08-05T06:36:49.458Z"}}, {"model": "sessions.session", "pk": "3pmg9b3eglikkjpmck53eh29rtcxt310", "fields": {"session_data": ".eJxVjDkOwjAQRe_iGllexhslPWeIxp4xDiBHylIh7g6RUkD733v_JQbc1jZsC8_DSOIsvBKn3zFjeXDfCd2x3yZZpr7OY5a7Ig-6yOtE_Lwc7t9Bw6V96xB0MNZEz7UURkBSGrUDAC6VNAFU5RkTQ7Rkck6xEmtjwSI5Sk68PxRbOJI:1wml3w:urXcioQO8XlHERpIszzx40nJStWM5TQfTN1CBceQ0k8", "expire_date": "2026-08-06T04:29:36.611Z"}}, {"model": "sessions.session", "pk": "4yytfsh8ck7e2qvmoxkejz7g0q05a6mc", "fields": {"session_data": ".eJxVjEsKwjAUAO_y1hLyabTp0r1nCO9XU5UUmnYl3l0KXeh2Zpg3ZNzWkremS54EBvBw-mWE_NS6C3lgvc-G57ouE5k9MYdt5jaLvq5H-zco2AoMEBTPmAJq6kfR4K3FrmMRS8pE4pKz3nFAdxFOCV2MFEPUXmUU8TbB5wsLqTjb:1wj9Ay:fTh96siCK4bmN2LW4ScsfLHCjVOrS_pV1-FT2dCsbg8", "expire_date": "2026-07-27T05:25:56.049Z"}}, {"model": "sessions.session", "pk": "5khwh7mhhezthi38g5cucja15gxxj3v8", "fields": {"session_data": ".eJxVjEEOwiAQRe_C2hBKYSgu3XsGwjCjVA0kpV0Z7y5NutDtf--_twhxW3PYGi9hJnEWgzj9bhjTk8sO6BHLvcpUy7rMKHdFHrTJayV-XQ73L5Bjy_2N6KcEGklpD2AUIWuwbnRuiLpnkPHGk1LGe69HbVJkh447tzCSBfH5AuSDN6o:1wml4A:PxlUrNx4iFHS9oqIMb9sB1Dieglm1IdeVJg66HQ8qC4", "expire_date": "2026-08-06T04:29:50.527Z"}}, {"model": "sessions.session", "pk": "6y90w3z1za8yxkhjvninagy25xhx8a3d", "fields": {"session_data": ".eJxVjEEOwiAQRe_C2hBKYSgu3XsGwjCjVA0kpV0Z7y5NutDtf--_twhxW3PYGi9hJnEWgzj9bhjTk8sO6BHLvcpUy7rMKHdFHrTJayV-XQ73L5Bjy_2N6KcEGklpD2AUIWuwbnRuiLpnkPHGk1LGe69HbVJkh447tzCSBfH5AuSDN6o:1wmOR8:X9LlM-D-An2be0DtgOp9HwvKXIYFm8voHDm3fQ94wzU", "expire_date": "2026-08-05T04:20:02.793Z"}}, {"model": "sessions.session", "pk": "cm4rsuxkcoq774e21dm7ujgcsaap4ezk", "fields": {"session_data": ".eJxVjDEOAiEQRe9CbQjCANHS3jOQmWGQVQPJslsZ766bbKHtf-_9l0q4LjWtQ-Y0ZXVWwajD70jID2kbyXdst665t2WeSG-K3unQ157ledndv4OKo35rLFzo6DwX78i6iDaesmTHFISByLtY2HgAcoIMASJFE8EWNNZACer9ATdYOLE:1wlOND:UdOUReLZnuHF7Ot0lWpQyhTE7c1OxdLe8mtTyarphDw", "expire_date": "2026-08-02T10:03:51.863Z"}}, {"model": "sessions.session", "pk": "d8bfkp3gznyxoadoeohjkok7qplyc3qc", "fields": {"session_data": ".eJxVjEsOAiEQBe_C2hA-DY0u3XsG0kArowaSYWZlvLtOMgvdvqp6LxFpXWpcB89xKuIkbLDi8Lsmyg9uGyp3arcuc2_LPCW5KXKnQ1564ed5d_8OKo36rQ0bE3IG9CE5F6xTBnQpjgJkhUieEcEoFzQjOXPVynqGbG0q-ogA4v0BAws27Q:1wm765:3XOy6LoOOySZ8jNoD6LwPMUJ9JpDRVPk-9L_RlP7e3c", "expire_date": "2026-08-04T09:49:09.006Z"}}, {"model": "sessions.session", "pk": "fqkd4mafgxfswkojkg0threudbue8chy", "fields": {"session_data": ".eJxVjEEOgjAQRe_StWlmBsu0Lt1zBtJpp4IaSCisjHdXEha6_e-9_zJ93Nah36ou_ZjNxTQBzOl3lZgeOu0o3-N0m22ap3UZxe6KPWi13Zz1eT3cv4Mh1uFbs8esXM6OPRGJo-KzCgUkiBLQg2DyjJDIISsUCMTkpW0CaQsFzfsDDtw3GA:1wmmCU:I1KMwdoxCy29f8zVgToacB9j-3-Fyf50UnctxTWb_CM", "expire_date": "2026-08-06T05:42:30.211Z"}}, {"model": "sessions.session", "pk": "gm35cbgeqi8s0leszp98en0hexth0r3r", "fields": {"session_data": ".eJxVjEEOgjAQRe_StWlmBsu0Lt1zBtJpp4IaSCisjHdXEha6_e-9_zJ93Nah36ou_ZjNxTQBzOl3lZgeOu0o3-N0m22ap3UZxe6KPWi13Zz1eT3cv4Mh1uFbs8esXM6OPRGJo-KzCgUkiBLQg2DyjJDIISsUCMTkpW0CaQsFzfsDDtw3GA:1wmPlE:oQYKr0ccpsAeJnj6eqDS87obwNozacJzLtCxf_cLj78", "expire_date": "2026-08-05T05:44:52.623Z"}}, {"model": "sessions.session", "pk": "jb18isgnyw0oxpv9ynisj6w2row7apdw", "fields": {"session_data": ".eJxVjDkOwjAQRe_iGllexhslPWeIxp4xDiBHylIh7g6RUkD733v_JQbc1jZsC8_DSOIsvBKn3zFjeXDfCd2x3yZZpr7OY5a7Ig-6yOtE_Lwc7t9Bw6V96xB0MNZEz7UURkBSGrUDAC6VNAFU5RkTQ7Rkck6xEmtjwSI5Sk68PxRbOJI:1wmRMW:xeGWn6URuCHt9bPXVyMTnmrzIFV19F0hXmfI5LUQurc", "expire_date": "2026-08-05T07:27:28.272Z"}}, {"model": "sessions.session", "pk": "jicczxbk9qxeuuv4ko4lr6k455vdgzam", "fields": {"session_data": "e30:1wjXG3:kd-EiuwVL83kupwlNlqmUWQlW7aly4rdH55IQTWVOow", "expire_date": "2026-07-28T07:08:47.525Z"}}, {"model": "sessions.session", "pk": "ojhrvhd4cvcjl7glnki8c1ocbua27v4k", "fields": {"session_data": ".eJxVjEEOwiAQRe_C2hBKYSgu3XsGwjCjVA0kpV0Z7y5NutDtf--_twhxW3PYGi9hJnEWgzj9bhjTk8sO6BHLvcpUy7rMKHdFHrTJayV-XQ73L5Bjy_2N6KcEGklpD2AUIWuwbnRuiLpnkPHGk1LGe69HbVJkh447tzCSBfH5AuSDN6o:1wm8ht:kfyGBBPrqzvgpJWaypgfoy0lEU3L2XVC2VNCAcmvsFQ", "expire_date": "2026-08-04T11:32:17.634Z"}}, {"model": "sessions.session", "pk": "te0iauydccvo67x4z27l309uod1hs8hh", "fields": {"session_data": ".eJxVjEsOAiEQBe_C2hA-DY0u3XsG0kArowaSYWZlvLtOMgvdvqp6LxFpXWpcB89xKuIkbLDi8Lsmyg9uGyp3arcuc2_LPCW5KXKnQ1564ed5d_8OKo36rQ0bE3IG9CE5F6xTBnQpjgJkhUieEcEoFzQjOXPVynqGbG0q-ogA4v0BAws27Q:1wm6SY:TS8bl4y68WQbkK1vNRGsxK8KrPMKaSOBcgaL56o2T84", "expire_date": "2026-08-04T09:08:18.136Z"}}, {"model": "sessions.session", "pk": "v8gyr649dfo63cwavl6y9ojyrk5z26q9", "fields": {"session_data": ".eJxVjDEOgzAMAP_iuYpwEpPA2L1viOzEFNoKJAJT1b9XSAztene6NyTetzHtVdc0FeiBAlx-oXB-6nyY8uD5vpi8zNs6iTkSc9pqbkvR1_Vs_wYj1xF6cJGly7ERi9EScggNFatOxSuhVUKfMbLrmNxgs_g2tJ6JW_GMZRjg8wX38Df3:1wjrDI:bsgHMhxZ-z2NMz1WknFzeFwmGw7UkE5u0Ve5vdk2hFI", "expire_date": "2026-07-29T04:27:16.460Z"}}, {"model": "result.customuser", "pk": 1, "fields": {"password": "pbkdf2_sha256$1200000$Fp1hVoq3Pn9br7mBohBcJ8$7CShRqGZLnr4Vh0IHZsiEUJlEz0UkOFVuAbQ3mZvVhU=", "last_login": "2026-07-23T04:29:50.516Z", "is_superuser": true, "username": "admin", "first_name": "", "last_name": "", "email": "admin123@gmail.com", "is_staff": true, "is_active": true, "date_joined": "2026-07-09T04:01:38.585Z", "role": "student", "phone": null, "groups": [], "user_permissions": []}}, {"model": "result.customuser", "pk": 60, "fields": {"password": "pbkdf2_sha256$1200000$KdinzLe9s9a7RYYePdz7G0$NQmHggVAerb7CV/KoUD+lwxMh++/G9Ww+UB4F0Rvd4s=", "last_login": "2026-07-23T04:29:36.600Z", "is_superuser": false, "username": "kabita364", "first_name": "Kabita", "last_name": "Dahal", "email": "kabu@gmail.com", "is_staff": false, "is_active": true, "date_joined": "2026-07-14T04:49:44.722Z", "role": "teacher", "phone": null, "groups": [], "user_permissions": []}}, {"model": "result.customuser", "pk": 333, "fields": {"password": "pbkdf2_sha256$1200000$NfNYllsDpzOX4rBdH9c7dj$vgGvnX80RDdKyFzv9oB6HDaJj4GaBklx7qpBgFb1R5M=", "last_login": null, "is_superuser": false, "username": "STU-2026-002", "first_name": "Student2", "last_name": "Demo", "email": "student2@example.com", "is_staff": false, "is_active": true, "date_joined": "2026-07-15T07:47:13.568Z", "role": "student", "phone": null, "groups": [], "user_permissions": []}}, {"model": "result.customuser", "pk": 334, "fields": {"password": "pbkdf2_sha256$1200000$IfljLrAde3FTK1mymbG7Nd$sfHKe7t1B7jUMGd0xZE7NP3kx3XWaS+N5Vn4r7xlyRg=", "last_login": null, "is_superuser": false, "username": "STU-2026-003", "first_name": "Student3", "last_name": "Demo", "email": "student3@example.com", "is_staff": false, "is_active": true, "date_joined": "2026-07-15T07:47:13.856Z", "role": "student", "phone": null, "groups": [], "user_permissions": []}}, {"model": "result.customuser", "pk": 335, "fields": {"password": "pbkdf2_sha256$1200000$DVMUpms4KxSSZrhyBO6JqC$x7y7+57SjeHXO3dyeoHbwJT5LDpY9UxlqDWGL7Ayeu8=", "last_login": null, "is_superuser": false, "username": "STU-2026-004", "first_name": "Student4", "last_name": "Demo", "email": "student4@example.com", "is_staff": false, "is_active": true, "date_joined": "2026-07-15T07:47:14.142Z", "role": "student", "phone": null, "groups": [], "user_permissions": []}}, {"model": "result.customuser", "pk": 336, "fields": {"password": "pbkdf2_sha256$1200000$JO9hspGYQSPnYvPXrAaIl2$+HpvJfdoQSPnJgqPoadUmfK6fbdV+RQfTQZrJUsK2L0=", "last_login": null, "is_superuser": false, "username": "STU-2026-005", "first_name": "Student5", "last_name": "Demo", "email": "student5@example.com", "is_staff": false, "is_active": true, "date_joined": "2026-07-15T07:47:14.430Z", "role": "student", "phone": null, "groups": [], "user_permissions": []}}, {"model": "result.customuser", "pk": 337, "fields": {"password": "pbkdf2_sha256$1200000$GK2IKrYkwOAYgureXuD4HE$Yb36564KZIrzkOPwSa80aNxvKKImjA41dLjI2t4MkGc=", "last_login": null, "is_superuser": false, "username": "STU-2026-006", "first_name": "Student6", "last_name": "Demo", "email": "student6@example.com", "is_staff": false, "is_active": true, "date_joined": "2026-07-15T07:47:14.726Z", "role": "student", "phone": null, "groups": [], "user_permissions": []}}, {"model": "result.customuser", "pk": 338, "fields": {"password": "pbkdf2_sha256$1200000$jmK7xDUfb1gXt8NMCyxYGm$vQDUAsr642xdLz40Ztkyz1iGycQRG9D6dsQ8N9+4c2M=", "last_login": null, "is_superuser": false, "username": "STU-2026-007", "first_name": "Student7", "last_name": "Demo", "email": "student7@example.com", "is_staff": false, "is_active": true, "date_joined": "2026-07-15T07:47:15.013Z", "role": "student", "phone": null, "groups": [], "user_permissions": []}}, {"model": "result.customuser", "pk": 339, "fields": {"password": "pbkdf2_sha256$1200000$1V3T54B2y1h5lIi393seNn$VKF8i4Lx1mYTHb7wgQTGfJzM1uayZOWFSIIDFZGhrKY=", "last_login": null, "is_superuser": false, "username": "STU-2026-008", "first_name": "Student8", "last_name": "Demo", "email": "student8@example.com", "is_staff": false, "is_active": true, "date_joined": "2026-07-15T07:47:15.305Z", "role": "student", "phone": null, "groups": [], "user_permissions": []}}, {"model": "result.customuser", "pk": 340, "fields": {"password": "pbkdf2_sha256$1200000$M5pzkArB2mKbBuz9yzxIiB$eVKr03Zn6Oodsa2FRjYPqabajoI4TULLQ3gr2R2d9CY=", "last_login": null, "is_superuser": false, "username": "STU-2026-009", "first_name": "Student9", "last_name": "Demo", "email": "student9@example.com", "is_staff": false, "is_active": true, "date_joined": "2026-07-15T07:47:15.595Z", "role": "student", "phone": null, "groups": [], "user_permissions": []}}, {"model": "result.customuser", "pk": 341, "fields": {"password": "pbkdf2_sha256$1200000$UB2XYdHslGBUOfmKvzA20W$zvie4jJxweiUnrRZ5dvzJpxHRuDgMzI19tAS6/hPapc=", "last_login": null, "is_superuser": false, "username": "STU-2026-010", "first_name": "Student10", "last_name": "Demo", "email": "student10@example.com", "is_staff": false, "is_active": true, "date_joined": "2026-07-15T07:47:15.898Z", "role": "student", "phone": null, "groups": [], "user_permissions": []}}, {"model": "result.customuser", "pk": 342, "fields": {"password": "pbkdf2_sha256$1200000$r1NXHlqzgUAVNelQ7Oq5Xn$n6UBc7ItqfNV64zgi8i1hlwuC2+QuWpFQi801NbGSUs=", "last_login": null, "is_superuser": false, "username": "STU-2026-011", "first_name": "Student11", "last_name": "Demo", "email": "student11@example.com", "is_staff": false, "is_active": true, "date_joined": "2026-07-15T07:47:16.193Z", "role": "student", "phone": null, "groups": [], "user_permissions": []}}, {"model": "result.customuser", "pk": 343, "fields": {"password": "pbkdf2_sha256$1200000$cgOLCyouslu8OZyrc0XspW$TAmd0H6Yg+bGO8dx/3TE36xGTqxgYhEcO4FCtm0DHPE=", "last_login": null, "is_superuser": false, "username": "STU-2026-012", "first_name": "Student12", "last_name": "Demo", "email": "student12@example.com", "is_staff": false, "is_active": true, "date_joined": "2026-07-15T07:47:16.483Z", "role": "student", "phone": null, "groups": [], "user_permissions": []}}, {"model": "result.customuser", "pk": 344, "fields": {"password": "pbkdf2_sha256$1200000$CnJG5wRD03mESu6oZWJotS$hxSjXt4irT010pMH2sbcODShBOR7MxXB/dl3PVEqFoA=", "last_login": null, "is_superuser": false, "username": "STU-2026-013", "first_name": "Student13", "last_name": "Demo", "email": "student13@example.com", "is_staff": false, "is_active": true, "date_joined": "2026-07-15T07:47:16.776Z", "role": "student", "phone": null, "groups": [], "user_permissions": []}}, {"model": "result.customuser", "pk": 345, "fields": {"password": "pbkdf2_sha256$1200000$84154DLn7MrXCAEEUahuxt$LqIQYMbZL7HAUX6GovzGvzOD14hMcHjvvdYEjZ3xp7w=", "last_login": null, "is_superuser": false, "username": "STU-2026-014", "first_name": "Student14", "last_name": "Demo", "email": "student14@example.com", "is_staff": false, "is_active": true, "date_joined": "2026-07-15T07:47:17.066Z", "role": "student", "phone": null, "groups": [], "user_permissions": []}}, {"model": "result.customuser", "pk": 346, "fields": {"password": "pbkdf2_sha256$1200000$4YN3wp5kdN7LEI7fMTbtte$8VawEDRzNkGtmAD27w9O3NA4HNYu01KUTVsO/vo3L8k=", "last_login": null, "is_superuser": false, "username": "STU-2026-015", "first_name": "Student15", "last_name": "Demo", "email": "student15@example.com", "is_staff": false, "is_active": true, "date_joined": "2026-07-15T07:47:17.361Z", "role": "student", "phone": null, "groups": [], "user_permissions": []}}, {"model": "result.customuser", "pk": 347, "fields": {"password": "pbkdf2_sha256$1200000$6IuQZHesa0F2wDhHFf1q7H$Binpguyn2fm2tDgHOyDPAe2JZ5Dzut2bcc3Cb3SV3b4=", "last_login": null, "is_superuser": false, "username": "STU-2026-016", "first_name": "Student16", "last_name": "Demo", "email": "student16@example.com", "is_staff": false, "is_active": true, "date_joined": "2026-07-15T07:47:17.649Z", "role": "student", "phone": null, "groups": [], "user_permissions": []}}, {"model": "result.customuser", "pk": 348, "fields": {"password": "pbkdf2_sha256$1200000$RPB3yXzZ1gjTeejPF8U8SJ$dzwFIX4i9onh6NbXtzkWBLvM1Zo1oz+aX8GyN6WfbIw=", "last_login": null, "is_superuser": false, "username": "STU-2026-017", "first_name": "Student17", "last_name": "Demo", "email": "student17@example.com", "is_staff": false, "is_active": true, "date_joined": "2026-07-15T07:47:17.942Z", "role": "student", "phone": null, "groups": [], "user_permissions": []}}, {"model": "result.customuser", "pk": 349, "fields": {"password": "pbkdf2_sha256$1200000$7OKtg5e3FPhsjj1pTsAMKC$TAMJRk+OlHhJn7BAhb9EK+onggcfgpXQ6nEepU27NFU=", "last_login": null, "is_superuser": false, "username": "STU-2026-018", "first_name": "Student18", "last_name": "Demo", "email": "student18@example.com", "is_staff": false, "is_active": true, "date_joined": "2026-07-15T07:47:18.234Z", "role": "student", "phone": null, "groups": [], "user_permissions": []}}, {"model": "result.customuser", "pk": 350, "fields": {"password": "pbkdf2_sha256$1200000$fHBMQVYuAYD0tSmc3ReKQ2$Wgvy+N0haeFZwHRiKopKTBdukN+HPItjnnn//m4LvBs=", "last_login": null, "is_superuser": false, "username": "STU-2026-019", "first_name": "Student19", "last_name": "Demo", "email": "student19@example.com", "is_staff": false, "is_active": true, "date_joined": "2026-07-15T07:47:18.515Z", "role": "student", "phone": null, "groups": [], "user_permissions": []}}, {"model": "result.customuser", "pk": 351, "fields": {"password": "pbkdf2_sha256$1200000$o3NxbeWs7WhpKdWINofH4p$C5HdLCMk395PGBJA47A9328lSDX25QE5hWUuFeSzbaA=", "last_login": null, "is_superuser": false, "username": "STU-2026-020", "first_name": "Student20", "last_name": "Demo", "email": "student20@example.com", "is_staff": false, "is_active": true, "date_joined": "2026-07-15T07:47:18.811Z", "role": "student", "phone": null, "groups": [], "user_permissions": []}}, {"model": "result.customuser", "pk": 352, "fields": {"password": "pbkdf2_sha256$1200000$XzMKcNMgqFQgO8tdZU6c8L$br3SCjDGbyx+v66gTYuMcxqIMvcQzLADUOSkbKfiz8o=", "last_login": null, "is_superuser": false, "username": "STU-2026-021", "first_name": "Student21", "last_name": "Demo", "email": "student21@example.com", "is_staff": false, "is_active": true, "date_joined": "2026-07-15T07:47:19.099Z", "role": "student", "phone": null, "groups": [], "user_permissions": []}}, {"model": "result.customuser", "pk": 353, "fields": {"password": "pbkdf2_sha256$1200000$Yq4TPeJFwVH8JH4j1p0V3e$nkMvFkeQSnMQ+2GYJn1tGcEEDCAIAT0OjnRfHfCVQbE=", "last_login": null, "is_superuser": false, "username": "STU-2026-022", "first_name": "Student22", "last_name": "Demo", "email": "student22@example.com", "is_staff": false, "is_active": true, "date_joined": "2026-07-15T07:47:19.385Z", "role": "student", "phone": null, "groups": [], "user_permissions": []}}, {"model": "result.customuser", "pk": 354, "fields": {"password": "pbkdf2_sha256$1200000$OSTTF54jXK0QqLHO7DphoW$hDPIrkECkaMl8QRtcBoxBEQb0QKvoZKDwBHpHR/k9W4=", "last_login": null, "is_superuser": false, "username": "STU-2026-023", "first_name": "Student23", "last_name": "Demo", "email": "student23@example.com", "is_staff": false, "is_active": true, "date_joined": "2026-07-15T07:47:19.677Z", "role": "student", "phone": null, "groups": [], "user_permissions": []}}, {"model": "result.customuser", "pk": 355, "fields": {"password": "pbkdf2_sha256$1200000$EerGw0Ekf01JU4ZaREZwUr$MoNQ+Kl7b/LydoH+l4usmJ2ELOsqPE6ZZ5UPR0jUvXE=", "last_login": null, "is_superuser": false, "username": "STU-2026-024", "first_name": "Student24", "last_name": "Demo", "email": "student24@example.com", "is_staff": false, "is_active": true, "date_joined": "2026-07-15T07:47:19.960Z", "role": "student", "phone": null, "groups": [], "user_permissions": []}}, {"model": "result.customuser", "pk": 356, "fields": {"password": "pbkdf2_sha256$1200000$w0Ejs4k5DWPMNs3dUC27uf$8AuD7tie+7cQe+lkN874XUbOBMzsrWqtq9EqEcwiV6I=", "last_login": null, "is_superuser": false, "username": "STU-2026-025", "first_name": "Student25", "last_name": "Demo", "email": "student25@example.com", "is_staff": false, "is_active": true, "date_joined": "2026-07-15T07:47:20.249Z", "role": "student", "phone": null, "groups": [], "user_permissions": []}}, {"model": "result.customuser", "pk": 357, "fields": {"password": "pbkdf2_sha256$1200000$hvIkQTwwXEnsP2ujm3cAeJ$d7TlzadFe+8gSKI5nIS5C3xLdcNBo6s2uzoNKi33OOM=", "last_login": null, "is_superuser": false, "username": "STU-2026-026", "first_name": "Student26", "last_name": "Demo", "email": "student26@example.com", "is_staff": false, "is_active": true, "date_joined": "2026-07-15T07:47:20.544Z", "role": "student", "phone": null, "groups": [], "user_permissions": []}}, {"model": "result.customuser", "pk": 358, "fields": {"password": "pbkdf2_sha256$1200000$SkUffKDezPosUrY9E4aH7b$yII1DIEX0YQbkidIM+d/A/z0Aax8y7KoXKO0j3d64cM=", "last_login": null, "is_superuser": false, "username": "STU-2026-027", "first_name": "Student27", "last_name": "Demo", "email": "student27@example.com", "is_staff": false, "is_active": true, "date_joined": "2026-07-15T07:47:20.841Z", "role": "student", "phone": null, "groups": [], "user_permissions": []}}, {"model": "result.customuser", "pk": 359, "fields": {"password": "pbkdf2_sha256$1200000$WpQq576kJGGMRzRkdWo0ys$/FQbmDDYIPy1XNYfXyBWqDni95+3c+6X3LaGBiJ8oDQ=", "last_login": null, "is_superuser": false, "username": "STU-2026-028", "first_name": "Student28", "last_name": "Demo", "email": "student28@example.com", "is_staff": false, "is_active": true, "date_joined": "2026-07-15T07:47:21.134Z", "role": "student", "phone": null, "groups": [], "user_permissions": []}}, {"model": "result.customuser", "pk": 360, "fields": {"password": "pbkdf2_sha256$1200000$6gF27z4WuyJCMgOv0V1MGl$yVBZSBFAlzjj9FQocYt1ssfoVQ/VNH2trsmHoQYztVQ=", "last_login": null, "is_superuser": false, "username": "STU-2026-029", "first_name": "Student29", "last_name": "Demo", "email": "student29@example.com", "is_staff": false, "is_active": true, "date_joined": "2026-07-15T07:47:21.419Z", "role": "student", "phone": null, "groups": [], "user_permissions": []}}, {"model": "result.customuser", "pk": 361, "fields": {"password": "pbkdf2_sha256$1200000$t6Q8sjERCKXjfMaAd9b9aU$J8O5qJg1fSoWpg3X9xDXmiIS+92ZbMAYFv0mbQ1d8WM=", "last_login": null, "is_superuser": false, "username": "STU-2026-030", "first_name": "Student30", "last_name": "Demo", "email": "student30@example.com", "is_staff": false, "is_active": true, "date_joined": "2026-07-15T07:47:21.709Z", "role": "student", "phone": null, "groups": [], "user_permissions": []}}, {"model": "result.customuser", "pk": 362, "fields": {"password": "pbkdf2_sha256$1200000$XM4oQ4AyWv13I1575NR4Or$EyfkG76y4iR9ktZITrA5rUq51bE2szzRTeN/h0U0EIU=", "last_login": null, "is_superuser": false, "username": "STU-2026-031", "first_name": "Student31", "last_name": "Demo", "email": "student31@example.com", "is_staff": false, "is_active": true, "date_joined": "2026-07-15T07:47:22.008Z", "role": "student", "phone": null, "groups": [], "user_permissions": []}}, {"model": "result.customuser", "pk": 363, "fields": {"password": "pbkdf2_sha256$1200000$jsyCHTbp99osIhUHctD23t$IdP5NpzAVEkjcP03wKrMntmlSBo5n23Xr7gp9Y3+syY=", "last_login": null, "is_superuser": false, "username": "STU-2026-032", "first_name": "Student32", "last_name": "Demo", "email": "student32@example.com", "is_staff": false, "is_active": true, "date_joined": "2026-07-15T07:47:22.297Z", "role": "student", "phone": null, "groups": [], "user_permissions": []}}, {"model": "result.customuser", "pk": 364, "fields": {"password": "pbkdf2_sha256$1200000$Cp2D8Os1xeHmZF8u1GyNTa$BKOxEK6S+lV5K37Hyi8T/iifF9EalgnXtQc8Oqtrmi0=", "last_login": null, "is_superuser": false, "username": "STU-2026-033", "first_name": "Student33", "last_name": "Demo", "email": "student33@example.com", "is_staff": false, "is_active": true, "date_joined": "2026-07-15T07:47:22.589Z", "role": "student", "phone": null, "groups": [], "user_permissions": []}}, {"model": "result.customuser", "pk": 365, "fields": {"password": "pbkdf2_sha256$1200000$O2XYtBtmLxoSGPbB4wg2DN$/+ZzA00adYK7tk4w81QThtOzTcmfCBTPEJDADwM9Otc=", "last_login": null, "is_superuser": false, "username": "STU-2026-034", "first_name": "Student34", "last_name": "Demo", "email": "student34@example.com", "is_staff": false, "is_active": true, "date_joined": "2026-07-15T07:47:22.883Z", "role": "student", "phone": null, "groups": [], "user_permissions": []}}, {"model": "result.customuser", "pk": 366, "fields": {"password": "pbkdf2_sha256$1200000$LtaDBuTmg3joyZUGwhSsMe$TuyevjYHRasHFXiVPkAJoTAbiTsUH7S+rG+hZqhhuFw=", "last_login": null, "is_superuser": false, "username": "STU-2026-035", "first_name": "Student35", "last_name": "Demo", "email": "student35@example.com", "is_staff": false, "is_active": true, "date_joined": "2026-07-15T07:47:23.173Z", "role": "student", "phone": null, "groups": [], "user_permissions": []}}, {"model": "result.customuser", "pk": 367, "fields": {"password": "pbkdf2_sha256$1200000$sYrF6FzBjFwTvG1c5ILpkK$RQsjr08LHlR0c+XViM09nAmwr403WIkFxTnu5mHtQHs=", "last_login": null, "is_superuser": false, "username": "STU-2026-036", "first_name": "Student36", "last_name": "Demo", "email": "student36@example.com", "is_staff": false, "is_active": true, "date_joined": "2026-07-15T07:47:23.469Z", "role": "student", "phone": null, "groups": [], "user_permissions": []}}, {"model": "result.customuser", "pk": 368, "fields": {"password": "pbkdf2_sha256$1200000$CA1RLh2xhKjc50WIgVuqkj$NWmBvRg8+iDCpScskBmiPGszRCUiKzr7uPRIps7Brlk=", "last_login": null, "is_superuser": false, "username": "STU-2026-037", "first_name": "Student37", "last_name": "Demo", "email": "student37@example.com", "is_staff": false, "is_active": true, "date_joined": "2026-07-15T07:47:23.758Z", "role": "student", "phone": null, "groups": [], "user_permissions": []}}, {"model": "result.customuser", "pk": 369, "fields": {"password": "pbkdf2_sha256$1200000$min3fVK2nqU8BTCzG6IP6C$3LvNZs4icFxjKFX9CIdTbrv8nW1744bZ6HKI83j+0Uo=", "last_login": null, "is_superuser": false, "username": "STU-2026-038", "first_name": "Student38", "last_name": "Demo", "email": "student38@example.com", "is_staff": false, "is_active": true, "date_joined": "2026-07-15T07:47:24.059Z", "role": "student", "phone": null, "groups": [], "user_permissions": []}}, {"model": "result.customuser", "pk": 370, "fields": {"password": "pbkdf2_sha256$1200000$pIvXTg5ZLAWHb50N7UIZMy$FFYyav4RAaSXnxdYS+i8imAAst/6rOccKLi/7wmmBEw=", "last_login": null, "is_superuser": false, "username": "STU-2026-039", "first_name": "Student39", "last_name": "Demo", "email": "student39@example.com", "is_staff": false, "is_active": true, "date_joined": "2026-07-15T07:47:24.344Z", "role": "student", "phone": null, "groups": [], "user_permissions": []}}, {"model": "result.customuser", "pk": 371, "fields": {"password": "pbkdf2_sha256$1200000$iJQSnCkJmW6jfbzJdp7NN0$iz4mXpdDqOJURvhQl9YeCdFeVDYxOhbaCw28DcCVjM4=", "last_login": null, "is_superuser": false, "username": "STU-2026-040", "first_name": "Student40", "last_name": "Demo", "email": "student40@example.com", "is_staff": false, "is_active": true, "date_joined": "2026-07-15T07:47:24.642Z", "role": "student", "phone": null, "groups": [], "user_permissions": []}}, {"model": "result.customuser", "pk": 372, "fields": {"password": "pbkdf2_sha256$1200000$XL4wgq2F5zmGQLqQHMxeII$19+zY+5fFGWbNpw1HlipeVTMOsj/djwFUChUvjMEZe0=", "last_login": null, "is_superuser": false, "username": "STU-2026-041", "first_name": "Student41", "last_name": "Demo", "email": "student41@example.com", "is_staff": false, "is_active": true, "date_joined": "2026-07-15T07:47:24.927Z", "role": "student", "phone": null, "groups": [], "user_permissions": []}}, {"model": "result.customuser", "pk": 373, "fields": {"password": "pbkdf2_sha256$1200000$zzGRGocb2tXo0P7UBe3cG7$TpyOADBee2dlf9rkbBFbtfvm0tBBwXWp9QzFtp3FTKo=", "last_login": null, "is_superuser": false, "username": "STU-2026-042", "first_name": "Student42", "last_name": "Demo", "email": "student42@example.com", "is_staff": false, "is_active": true, "date_joined": "2026-07-15T07:47:25.217Z", "role": "student", "phone": null, "groups": [], "user_permissions": []}}, {"model": "result.customuser", "pk": 374, "fields": {"password": "pbkdf2_sha256$1200000$8cE0pIrsbKtDIVSrXvmoBM$hySNujXaaZC7TGWXuxTBVjVDP6AohTPA/Qve6ihOwNE=", "last_login": null, "is_superuser": false, "username": "STU-2026-043", "first_name": "Student43", "last_name": "Demo", "email": "student43@example.com", "is_staff": false, "is_active": true, "date_joined": "2026-07-15T07:47:25.501Z", "role": "student", "phone": null, "groups": [], "user_permissions": []}}, {"model": "result.customuser", "pk": 375, "fields": {"password": "pbkdf2_sha256$1200000$f0i3IeONKMxDJO64A6TC8A$dVofgup1czao+Xlo8KQjRB67Qf07Pu+R2bo+hk0qYQE=", "last_login": null, "is_superuser": false, "username": "STU-2026-044", "first_name": "Student44", "last_name": "Demo", "email": "student44@example.com", "is_staff": false, "is_active": true, "date_joined": "2026-07-15T07:47:25.795Z", "role": "student", "phone": null, "groups": [], "user_permissions": []}}, {"model": "result.customuser", "pk": 376, "fields": {"password": "pbkdf2_sha256$1200000$gDq4nlNbVYmhJ9vWN2OXlf$jSXMzU3u8B0ia5+XNDARAQM0OpNlUUqkLAR4QVuiypI=", "last_login": null, "is_superuser": false, "username": "STU-2026-045", "first_name": "Student45", "last_name": "Demo", "email": "student45@example.com", "is_staff": false, "is_active": true, "date_joined": "2026-07-15T07:47:26.089Z", "role": "student", "phone": null, "groups": [], "user_permissions": []}}, {"model": "result.customuser", "pk": 377, "fields": {"password": "pbkdf2_sha256$1200000$hZMdr6EjYp7MEOeDQBxFTp$m9A6SBDSo61br0RGFBHtvLYDwV0o0UkLWWXBMebfLWk=", "last_login": null, "is_superuser": false, "username": "STU-2026-046", "first_name": "Student46", "last_name": "Demo", "email": "student46@example.com", "is_staff": false, "is_active": true, "date_joined": "2026-07-15T07:47:26.379Z", "role": "student", "phone": null, "groups": [], "user_permissions": []}}, {"model": "result.customuser", "pk": 378, "fields": {"password": "pbkdf2_sha256$1200000$mbyFi7ffbHnMDudhoPmLeG$MA9J7lk9k69daZfT2b8W3MjF4iPlJV0TJcDKMnaSp5k=", "last_login": null, "is_superuser": false, "username": "STU-2026-047", "first_name": "Student47", "last_name": "Demo", "email": "student47@example.com", "is_staff": false, "is_active": true, "date_joined": "2026-07-15T07:47:26.676Z", "role": "student", "phone": null, "groups": [], "user_permissions": []}}, {"model": "result.customuser", "pk": 379, "fields": {"password": "pbkdf2_sha256$1200000$b98eMWTaTCwY3bQPSwOAbN$G3TrqjNoP9wmOK1xBJlEo5P+Eczp6JU28JsoR3QcpjQ=", "last_login": null, "is_superuser": false, "username": "STU-2026-048", "first_name": "Student48", "last_name": "Demo", "email": "student48@example.com", "is_staff": false, "is_active": true, "date_joined": "2026-07-15T07:47:26.970Z", "role": "student", "phone": null, "groups": [], "user_permissions": []}}, {"model": "result.customuser", "pk": 380, "fields": {"password": "pbkdf2_sha256$1200000$aMU5oSLeKiuWdFUZEJqJ7L$072eGJ+217OdY6sDO/oOVlQan7AA5x0+HsVSCFPMGiU=", "last_login": null, "is_superuser": false, "username": "STU-2026-049", "first_name": "Student49", "last_name": "Demo", "email": "student49@example.com", "is_staff": false, "is_active": true, "date_joined": "2026-07-15T07:47:27.264Z", "role": "student", "phone": null, "groups": [], "user_permissions": []}}, {"model": "result.customuser", "pk": 381, "fields": {"password": "pbkdf2_sha256$1200000$lZefsjf01MwVGYwFJwwDcU$JFnAQbzJtd9/2MJIKjkCaxaCjxTA7/tdMFlMm8W03dg=", "last_login": null, "is_superuser": false, "username": "STU-2026-050", "first_name": "Student50", "last_name": "Demo", "email": "student50@example.com", "is_staff": false, "is_active": true, "date_joined": "2026-07-15T07:47:27.562Z", "role": "student", "phone": null, "groups": [], "user_permissions": []}}, {"model": "result.customuser", "pk": 382, "fields": {"password": "pbkdf2_sha256$1200000$iAraeWBHrgYJHWmxav2Lnk$2eRwmO83scccR2EXl90/OEvWz9CXHFUq6pEontYtmF4=", "last_login": null, "is_superuser": false, "username": "neha194", "first_name": "Neha", "last_name": "Bhagat", "email": "nehu@gmail.com", "is_staff": false, "is_active": true, "date_joined": "2026-07-17T07:11:38.973Z", "role": "teacher", "phone": null, "groups": [], "user_permissions": []}}, {"model": "result.customuser", "pk": 390, "fields": {"password": "pbkdf2_sha256$1200000$eP3pFqQCW5CRNoo7YTLg59$wGXD3MoLySppitEdk+dN1kefRBA0cmTtLeB8pPTWNOM=", "last_login": "2026-07-23T05:42:30.200Z", "is_superuser": false, "username": "STU-2026-051", "first_name": "Student 1", "last_name": "Demo", "email": "kabitadahal475@gmail.com", "is_staff": false, "is_active": true, "date_joined": "2026-07-22T05:03:28.547Z", "role": "student", "phone": null, "groups": [], "user_permissions": []}}, {"model": "result.customuser", "pk": 391, "fields": {"password": "pbkdf2_sha256$1200000$LYuF21YdKxIUAZNzsfbWFC$oU9lanCTMlqxytu8vczKpJXYdSDlegcOt42XUkfTqr8=", "last_login": null, "is_superuser": false, "username": "STU-2026-052", "first_name": "zzz", "last_name": "xxxxxxxxxx", "email": "info.ankitpoudel@gmail.com", "is_staff": false, "is_active": true, "date_joined": "2026-07-22T06:55:47.721Z", "role": "student", "phone": null, "groups": [], "user_permissions": []}}, {"model": "result.class", "pk": 1, "fields": {"name": "Class 12", "section": ""}}, {"model": "result.class", "pk": 3, "fields": {"name": "Class 11", "section": ""}}, {"model": "result.class", "pk": 4, "fields": {"name": "BCA 1st Sem", "section": ""}}, {"model": "result.class", "pk": 5, "fields": {"name": "BCA 1st Sem", "section": ""}}, {"model": "result.class", "pk": 6, "fields": {"name": "BCA 2nd Sem", "section": ""}}, {"model": "result.class", "pk": 7, "fields": {"name": "BCA 7th sem", "section": ""}}, {"model": "result.class", "pk": 8, "fields": {"name": "BBM", "section": ""}}, {"model": "result.subject", "pk": 1, "fields": {"class_name": 1, "name": "English", "subject_code": "SUB001", "full_marks": 100, "theory_marks": 75, "practical_marks": 25, "pass_marks": 40, "theory_pass_marks": 24, "practical_pass_marks": 15}}, {"model": "result.subject", "pk": 4, "fields": {"class_name": 7, "name": "SPM", "subject_code": "SUB002", "full_marks": 100, "theory_marks": 60, "practical_marks": 40, "pass_marks": 40, "theory_pass_marks": 24, "practical_pass_marks": 15}}, {"model": "result.subject", "pk": 5, "fields": {"class_name": 7, "name": "E-Governance", "subject_code": "SUB005", "full_marks": 100, "theory_marks": 60, "practical_marks": 40, "pass_marks": 40, "theory_pass_marks": 24, "practical_pass_marks": 15}}, {"model": "result.subject", "pk": 6, "fields": {"class_name": 8, "name": "Account", "subject_code": "SUB006", "full_marks": 100, "theory_marks": 60, "practical_marks": 40, "pass_marks": 40, "theory_pass_marks": 24, "practical_pass_marks": 15}}, {"model": "result.student", "pk": 321, "fields": {"student_id": "STU-2026-002", "roll_number": 2, "first_name": "Student2", "last_name": "Demo", "email": "student2@example.com", "phone": "9800000002", "gender": "Female", "date_of_birth": "2004-05-02", "address": "Kathmandu, Nepal", "parent_name": "Parent2", "parent_phone": "9810000002", "parent_email": "parent2@example.com", "class_name": 1, "user": 333, "must_change_password": true}}, {"model": "result.student", "pk": 322, "fields": {"student_id": "STU-2026-003", "roll_number": 3, "first_name": "Student3", "last_name": "Demo", "email": "student3@example.com", "phone": "9800000003", "gender": "Male", "date_of_birth": "2004-05-03", "address": "Kathmandu, Nepal", "parent_name": "Parent3", "parent_phone": "9810000003", "parent_email": "parent3@example.com", "class_name": 1, "user": 334, "must_change_password": true}}, {"model": "result.student", "pk": 323, "fields": {"student_id": "STU-2026-004", "roll_number": 4, "first_name": "Student4", "last_name": "Demo", "email": "student4@example.com", "phone": "9800000004", "gender": "Female", "date_of_birth": "2004-05-04", "address": "Kathmandu, Nepal", "parent_name": "Parent4", "parent_phone": "9810000004", "parent_email": "parent4@example.com", "class_name": 1, "user": 335, "must_change_password": true}}, {"model": "result.student", "pk": 324, "fields": {"student_id": "STU-2026-005", "roll_number": 5, "first_name": "Student5", "last_name": "Demo", "email": "student5@example.com", "phone": "9800000005", "gender": "Male", "date_of_birth": "2004-05-05", "address": "Kathmandu, Nepal", "parent_name": "Parent5", "parent_phone": "9810000005", "parent_email": "parent5@example.com", "class_name": 1, "user": 336, "must_change_password": true}}, {"model": "result.student", "pk": 325, "fields": {"student_id": "STU-2026-006", "roll_number": 6, "first_name": "Student6", "last_name": "Demo", "email": "student6@example.com", "phone": "9800000006", "gender": "Female", "date_of_birth": "2004-05-06", "address": "Kathmandu, Nepal", "parent_name": "Parent6", "parent_phone": "9810000006", "parent_email": "parent6@example.com", "class_name": 1, "user": 337, "must_change_password": true}}, {"model": "result.student", "pk": 326, "fields": {"student_id": "STU-2026-007", "roll_number": 7, "first_name": "Student7", "last_name": "Demo", "email": "student7@example.com", "phone": "9800000007", "gender": "Male", "date_of_birth": "2004-05-07", "address": "Kathmandu, Nepal", "parent_name": "Parent7", "parent_phone": "9810000007", "parent_email": "parent7@example.com", "class_name": 1, "user": 338, "must_change_password": true}}, {"model": "result.student", "pk": 327, "fields": {"student_id": "STU-2026-008", "roll_number": 8, "first_name": "Student8", "last_name": "Demo", "email": "student8@example.com", "phone": "9800000008", "gender": "Female", "date_of_birth": "2004-05-08", "address": "Kathmandu, Nepal", "parent_name": "Parent8", "parent_phone": "9810000008", "parent_email": "parent8@example.com", "class_name": 1, "user": 339, "must_change_password": true}}, {"model": "result.student", "pk": 328, "fields": {"student_id": "STU-2026-009", "roll_number": 9, "first_name": "Student9", "last_name": "Demo", "email": "student9@example.com", "phone": "9800000009", "gender": "Male", "date_of_birth": "2004-05-09", "address": "Kathmandu, Nepal", "parent_name": "Parent9", "parent_phone": "9810000009", "parent_email": "parent9@example.com", "class_name": 1, "user": 340, "must_change_password": true}}, {"model": "result.student", "pk": 329, "fields": {"student_id": "STU-2026-010", "roll_number": 10, "first_name": "Student10", "last_name": "Demo", "email": "student10@example.com", "phone": "9800000010", "gender": "Female", "date_of_birth": "2004-05-10", "address": "Kathmandu, Nepal", "parent_name": "Parent10", "parent_phone": "9810000010", "parent_email": "parent10@example.com", "class_name": 1, "user": 341, "must_change_password": true}}, {"model": "result.student", "pk": 330, "fields": {"student_id": "STU-2026-011", "roll_number": 11, "first_name": "Student11", "last_name": "Demo", "email": "student11@example.com", "phone": "9800000011", "gender": "Male", "date_of_birth": "2004-05-11", "address": "Kathmandu, Nepal", "parent_name": "Parent11", "parent_phone": "9810000011", "parent_email": "parent11@example.com", "class_name": 1, "user": 342, "must_change_password": true}}, {"model": "result.student", "pk": 331, "fields": {"student_id": "STU-2026-012", "roll_number": 12, "first_name": "Student12", "last_name": "Demo", "email": "student12@example.com", "phone": "9800000012", "gender": "Female", "date_of_birth": "2004-05-12", "address": "Kathmandu, Nepal", "parent_name": "Parent12", "parent_phone": "9810000012", "parent_email": "parent12@example.com", "class_name": 1, "user": 343, "must_change_password": true}}, {"model": "result.student", "pk": 332, "fields": {"student_id": "STU-2026-013", "roll_number": 13, "first_name": "Student13", "last_name": "Demo", "email": "student13@example.com", "phone": "9800000013", "gender": "Male", "date_of_birth": "2004-05-13", "address": "Kathmandu, Nepal", "parent_name": "Parent13", "parent_phone": "9810000013", "parent_email": "parent13@example.com", "class_name": 1, "user": 344, "must_change_password": true}}, {"model": "result.student", "pk": 333, "fields": {"student_id": "STU-2026-014", "roll_number": 14, "first_name": "Student14", "last_name": "Demo", "email": "student14@example.com", "phone": "9800000014", "gender": "Female", "date_of_birth": "2004-05-14", "address": "Kathmandu, Nepal", "parent_name": "Parent14", "parent_phone": "9810000014", "parent_email": "parent14@example.com", "class_name": 1, "user": 345, "must_change_password": true}}, {"model": "result.student", "pk": 334, "fields": {"student_id": "STU-2026-015", "roll_number": 15, "first_name": "Student15", "last_name": "Demo", "email": "student15@example.com", "phone": "9800000015", "gender": "Male", "date_of_birth": "2004-05-15", "address": "Kathmandu, Nepal", "parent_name": "Parent15", "parent_phone": "9810000015", "parent_email": "parent15@example.com", "class_name": 1, "user": 346, "must_change_password": true}}, {"model": "result.student", "pk": 335, "fields": {"student_id": "STU-2026-016", "roll_number": 16, "first_name": "Student16", "last_name": "Demo", "email": "student16@example.com", "phone": "9800000016", "gender": "Female", "date_of_birth": "2004-05-16", "address": "Kathmandu, Nepal", "parent_name": "Parent16", "parent_phone": "9810000016", "parent_email": "parent16@example.com", "class_name": 1, "user": 347, "must_change_password": true}}, {"model": "result.student", "pk": 336, "fields": {"student_id": "STU-2026-017", "roll_number": 17, "first_name": "Student17", "last_name": "Demo", "email": "student17@example.com", "phone": "9800000017", "gender": "Male", "date_of_birth": "2004-05-17", "address": "Kathmandu, Nepal", "parent_name": "Parent17", "parent_phone": "9810000017", "parent_email": "parent17@example.com", "class_name": 1, "user": 348, "must_change_password": true}}, {"model": "result.student", "pk": 337, "fields": {"student_id": "STU-2026-018", "roll_number": 18, "first_name": "Student18", "last_name": "Demo", "email": "student18@example.com", "phone": "9800000018", "gender": "Female", "date_of_birth": "2004-05-18", "address": "Kathmandu, Nepal", "parent_name": "Parent18", "parent_phone": "9810000018", "parent_email": "parent18@example.com", "class_name": 1, "user": 349, "must_change_password": true}}, {"model": "result.student", "pk": 338, "fields": {"student_id": "STU-2026-019", "roll_number": 19, "first_name": "Student19", "last_name": "Demo", "email": "student19@example.com", "phone": "9800000019", "gender": "Male", "date_of_birth": "2004-05-19", "address": "Kathmandu, Nepal", "parent_name": "Parent19", "parent_phone": "9810000019", "parent_email": "parent19@example.com", "class_name": 1, "user": 350, "must_change_password": true}}, {"model": "result.student", "pk": 339, "fields": {"student_id": "STU-2026-020", "roll_number": 20, "first_name": "Student20", "last_name": "Demo", "email": "student20@example.com", "phone": "9800000020", "gender": "Female", "date_of_birth": "2004-05-20", "address": "Kathmandu, Nepal", "parent_name": "Parent20", "parent_phone": "9810000020", "parent_email": "parent20@example.com", "class_name": 1, "user": 351, "must_change_password": true}}, {"model": "result.student", "pk": 340, "fields": {"student_id": "STU-2026-021", "roll_number": 21, "first_name": "Student21", "last_name": "Demo", "email": "student21@example.com", "phone": "9800000021", "gender": "Male", "date_of_birth": "2004-05-21", "address": "Kathmandu, Nepal", "parent_name": "Parent21", "parent_phone": "9810000021", "parent_email": "parent21@example.com", "class_name": 1, "user": 352, "must_change_password": true}}, {"model": "result.student", "pk": 341, "fields": {"student_id": "STU-2026-022", "roll_number": 22, "first_name": "Student22", "last_name": "Demo", "email": "student22@example.com", "phone": "9800000022", "gender": "Female", "date_of_birth": "2004-05-22", "address": "Kathmandu, Nepal", "parent_name": "Parent22", "parent_phone": "9810000022", "parent_email": "parent22@example.com", "class_name": 1, "user": 353, "must_change_password": true}}, {"model": "result.student", "pk": 342, "fields": {"student_id": "STU-2026-023", "roll_number": 23, "first_name": "Student23", "last_name": "Demo", "email": "student23@example.com", "phone": "9800000023", "gender": "Male", "date_of_birth": "2004-05-23", "address": "Kathmandu, Nepal", "parent_name": "Parent23", "parent_phone": "9810000023", "parent_email": "parent23@example.com", "class_name": 1, "user": 354, "must_change_password": true}}, {"model": "result.student", "pk": 343, "fields": {"student_id": "STU-2026-024", "roll_number": 24, "first_name": "Student24", "last_name": "Demo", "email": "student24@example.com", "phone": "9800000024", "gender": "Female", "date_of_birth": "2004-05-24", "address": "Kathmandu, Nepal", "parent_name": "Parent24", "parent_phone": "9810000024", "parent_email": "parent24@example.com", "class_name": 1, "user": 355, "must_change_password": true}}, {"model": "result.student", "pk": 344, "fields": {"student_id": "STU-2026-025", "roll_number": 25, "first_name": "Student25", "last_name": "Demo", "email": "student25@example.com", "phone": "9800000025", "gender": "Male", "date_of_birth": "2004-05-25", "address": "Kathmandu, Nepal", "parent_name": "Parent25", "parent_phone": "9810000025", "parent_email": "parent25@example.com", "class_name": 1, "user": 356, "must_change_password": true}}, {"model": "result.student", "pk": 345, "fields": {"student_id": "STU-2026-026", "roll_number": 26, "first_name": "Student26", "last_name": "Demo", "email": "student26@example.com", "phone": "9800000026", "gender": "Female", "date_of_birth": "2004-05-26", "address": "Kathmandu, Nepal", "parent_name": "Parent26", "parent_phone": "9810000026", "parent_email": "parent26@example.com", "class_name": 1, "user": 357, "must_change_password": true}}, {"model": "result.student", "pk": 346, "fields": {"student_id": "STU-2026-027", "roll_number": 27, "first_name": "Student27", "last_name": "Demo", "email": "student27@example.com", "phone": "9800000027", "gender": "Male", "date_of_birth": "2004-05-27", "address": "Kathmandu, Nepal", "parent_name": "Parent27", "parent_phone": "9810000027", "parent_email": "parent27@example.com", "class_name": 1, "user": 358, "must_change_password": true}}, {"model": "result.student", "pk": 347, "fields": {"student_id": "STU-2026-028", "roll_number": 28, "first_name": "Student28", "last_name": "Demo", "email": "student28@example.com", "phone": "9800000028", "gender": "Female", "date_of_birth": "2004-05-28", "address": "Kathmandu, Nepal", "parent_name": "Parent28", "parent_phone": "9810000028", "parent_email": "parent28@example.com", "class_name": 1, "user": 359, "must_change_password": true}}, {"model": "result.student", "pk": 348, "fields": {"student_id": "STU-2026-029", "roll_number": 29, "first_name": "Student29", "last_name": "Demo", "email": "student29@example.com", "phone": "9800000029", "gender": "Male", "date_of_birth": "2004-05-29", "address": "Kathmandu, Nepal", "parent_name": "Parent29", "parent_phone": "9810000029", "parent_email": "parent29@example.com", "class_name": 1, "user": 360, "must_change_password": true}}, {"model": "result.student", "pk": 349, "fields": {"student_id": "STU-2026-030", "roll_number": 30, "first_name": "Student30", "last_name": "Demo", "email": "student30@example.com", "phone": "9800000030", "gender": "Female", "date_of_birth": "2004-05-30", "address": "Kathmandu, Nepal", "parent_name": "Parent30", "parent_phone": "9810000030", "parent_email": "parent30@example.com", "class_name": 1, "user": 361, "must_change_password": true}}, {"model": "result.student", "pk": 350, "fields": {"student_id": "STU-2026-031", "roll_number": 31, "first_name": "Student31", "last_name": "Demo", "email": "student31@example.com", "phone": "9800000031", "gender": "Male", "date_of_birth": "2004-06-01", "address": "Kathmandu, Nepal", "parent_name": "Parent31", "parent_phone": "9810000031", "parent_email": "parent31@example.com", "class_name": 1, "user": 362, "must_change_password": true}}, {"model": "result.student", "pk": 351, "fields": {"student_id": "STU-2026-032", "roll_number": 32, "first_name": "Student32", "last_name": "Demo", "email": "student32@example.com", "phone": "9800000032", "gender": "Female", "date_of_birth": "2004-06-02", "address": "Kathmandu, Nepal", "parent_name": "Parent32", "parent_phone": "9810000032", "parent_email": "parent32@example.com", "class_name": 1, "user": 363, "must_change_password": true}}, {"model": "result.student", "pk": 352, "fields": {"student_id": "STU-2026-033", "roll_number": 33, "first_name": "Student33", "last_name": "Demo", "email": "student33@example.com", "phone": "9800000033", "gender": "Male", "date_of_birth": "2004-06-03", "address": "Kathmandu, Nepal", "parent_name": "Parent33", "parent_phone": "9810000033", "parent_email": "parent33@example.com", "class_name": 1, "user": 364, "must_change_password": true}}, {"model": "result.student", "pk": 353, "fields": {"student_id": "STU-2026-034", "roll_number": 34, "first_name": "Student34", "last_name": "Demo", "email": "student34@example.com", "phone": "9800000034", "gender": "Female", "date_of_birth": "2004-06-04", "address": "Kathmandu, Nepal", "parent_name": "Parent34", "parent_phone": "9810000034", "parent_email": "parent34@example.com", "class_name": 1, "user": 365, "must_change_password": true}}, {"model": "result.student", "pk": 354, "fields": {"student_id": "STU-2026-035", "roll_number": 35, "first_name": "Student35", "last_name": "Demo", "email": "student35@example.com", "phone": "9800000035", "gender": "Male", "date_of_birth": "2004-06-05", "address": "Kathmandu, Nepal", "parent_name": "Parent35", "parent_phone": "9810000035", "parent_email": "parent35@example.com", "class_name": 1, "user": 366, "must_change_password": true}}, {"model": "result.student", "pk": 355, "fields": {"student_id": "STU-2026-036", "roll_number": 36, "first_name": "Student36", "last_name": "Demo", "email": "student36@example.com", "phone": "9800000036", "gender": "Female", "date_of_birth": "2004-06-06", "address": "Kathmandu, Nepal", "parent_name": "Parent36", "parent_phone": "9810000036", "parent_email": "parent36@example.com", "class_name": 1, "user": 367, "must_change_password": true}}, {"model": "result.student", "pk": 356, "fields": {"student_id": "STU-2026-037", "roll_number": 37, "first_name": "Student37", "last_name": "Demo", "email": "student37@example.com", "phone": "9800000037", "gender": "Male", "date_of_birth": "2004-06-07", "address": "Kathmandu, Nepal", "parent_name": "Parent37", "parent_phone": "9810000037", "parent_email": "parent37@example.com", "class_name": 1, "user": 368, "must_change_password": true}}, {"model": "result.student", "pk": 357, "fields": {"student_id": "STU-2026-038", "roll_number": 38, "first_name": "Student38", "last_name": "Demo", "email": "student38@example.com", "phone": "9800000038", "gender": "Female", "date_of_birth": "2004-06-08", "address": "Kathmandu, Nepal", "parent_name": "Parent38", "parent_phone": "9810000038", "parent_email": "parent38@example.com", "class_name": 1, "user": 369, "must_change_password": true}}, {"model": "result.student", "pk": 358, "fields": {"student_id": "STU-2026-039", "roll_number": 39, "first_name": "Student39", "last_name": "Demo", "email": "student39@example.com", "phone": "9800000039", "gender": "Male", "date_of_birth": "2004-06-09", "address": "Kathmandu, Nepal", "parent_name": "Parent39", "parent_phone": "9810000039", "parent_email": "parent39@example.com", "class_name": 1, "user": 370, "must_change_password": true}}, {"model": "result.student", "pk": 359, "fields": {"student_id": "STU-2026-040", "roll_number": 40, "first_name": "Student40", "last_name": "Demo", "email": "student40@example.com", "phone": "9800000040", "gender": "Female", "date_of_birth": "2004-06-10", "address": "Kathmandu, Nepal", "parent_name": "Parent40", "parent_phone": "9810000040", "parent_email": "parent40@example.com", "class_name": 1, "user": 371, "must_change_password": true}}, {"model": "result.student", "pk": 360, "fields": {"student_id": "STU-2026-041", "roll_number": 41, "first_name": "Student41", "last_name": "Demo", "email": "student41@example.com", "phone": "9800000041", "gender": "Male", "date_of_birth": "2004-06-11", "address": "Kathmandu, Nepal", "parent_name": "Parent41", "parent_phone": "9810000041", "parent_email": "parent41@example.com", "class_name": 1, "user": 372, "must_change_password": true}}, {"model": "result.student", "pk": 361, "fields": {"student_id": "STU-2026-042", "roll_number": 42, "first_name": "Student42", "last_name": "Demo", "email": "student42@example.com", "phone": "9800000042", "gender": "Female", "date_of_birth": "2004-06-12", "address": "Kathmandu, Nepal", "parent_name": "Parent42", "parent_phone": "9810000042", "parent_email": "parent42@example.com", "class_name": 1, "user": 373, "must_change_password": true}}, {"model": "result.student", "pk": 362, "fields": {"student_id": "STU-2026-043", "roll_number": 43, "first_name": "Student43", "last_name": "Demo", "email": "student43@example.com", "phone": "9800000043", "gender": "Male", "date_of_birth": "2004-06-13", "address": "Kathmandu, Nepal", "parent_name": "Parent43", "parent_phone": "9810000043", "parent_email": "parent43@example.com", "class_name": 1, "user": 374, "must_change_password": true}}, {"model": "result.student", "pk": 363, "fields": {"student_id": "STU-2026-044", "roll_number": 44, "first_name": "Student44", "last_name": "Demo", "email": "student44@example.com", "phone": "9800000044", "gender": "Female", "date_of_birth": "2004-06-14", "address": "Kathmandu, Nepal", "parent_name": "Parent44", "parent_phone": "9810000044", "parent_email": "parent44@example.com", "class_name": 1, "user": 375, "must_change_password": true}}, {"model": "result.student", "pk": 364, "fields": {"student_id": "STU-2026-045", "roll_number": 45, "first_name": "Student45", "last_name": "Demo", "email": "student45@example.com", "phone": "9800000045", "gender": "Male", "date_of_birth": "2004-06-15", "address": "Kathmandu, Nepal", "parent_name": "Parent45", "parent_phone": "9810000045", "parent_email": "parent45@example.com", "class_name": 1, "user": 376, "must_change_password": true}}, {"model": "result.student", "pk": 365, "fields": {"student_id": "STU-2026-046", "roll_number": 46, "first_name": "Student46", "last_name": "Demo", "email": "student46@example.com", "phone": "9800000046", "gender": "Female", "date_of_birth": "2004-06-16", "address": "Kathmandu, Nepal", "parent_name": "Parent46", "parent_phone": "9810000046", "parent_email": "parent46@example.com", "class_name": 1, "user": 377, "must_change_password": true}}, {"model": "result.student", "pk": 366, "fields": {"student_id": "STU-2026-047", "roll_number": 47, "first_name": "Student47", "last_name": "Demo", "email": "student47@example.com", "phone": "9800000047", "gender": "Male", "date_of_birth": "2004-06-17", "address": "Kathmandu, Nepal", "parent_name": "Parent47", "parent_phone": "9810000047", "parent_email": "parent47@example.com", "class_name": 1, "user": 378, "must_change_password": true}}, {"model": "result.student", "pk": 367, "fields": {"student_id": "STU-2026-048", "roll_number": 48, "first_name": "Student48", "last_name": "Demo", "email": "student48@example.com", "phone": "9800000048", "gender": "Female", "date_of_birth": "2004-06-18", "address": "Kathmandu, Nepal", "parent_name": "Parent48", "parent_phone": "9810000048", "parent_email": "parent48@example.com", "class_name": 1, "user": 379, "must_change_password": true}}, {"model": "result.student", "pk": 368, "fields": {"student_id": "STU-2026-049", "roll_number": 49, "first_name": "Student49", "last_name": "Demo", "email": "student49@example.com", "phone": "9800000049", "gender": "Male", "date_of_birth": "2004-06-19", "address": "Kathmandu, Nepal", "parent_name": "Parent49", "parent_phone": "9810000049", "parent_email": "parent49@example.com", "class_name": 1, "user": 380, "must_change_password": true}}, {"model": "result.student", "pk": 369, "fields": {"student_id": "STU-2026-050", "roll_number": 50, "first_name": "Student50", "last_name": "Demo", "email": "student50@example.com", "phone": "9800000050", "gender": "Female", "date_of_birth": "2004-06-20", "address": "Kathmandu, Nepal", "parent_name": "Parent50", "parent_phone": "9810000050", "parent_email": "parent50@example.com", "class_name": 1, "user": 381, "must_change_password": true}}, {"model": "result.student", "pk": 377, "fields": {"student_id": "STU-2026-051", "roll_number": 1, "first_name": "Student 1", "last_name": "Demo", "email": "kabitadahal475@gmail.com", "phone": "3215023625", "gender": "Female", "date_of_birth": "2222-02-22", "address": "mulpani,Gothatar", "parent_name": "adfvf", "parent_phone": "8513697258", "parent_email": "ek@gmail.com", "class_name": 1, "user": 390, "must_change_password": false}}, {"model": "result.student", "pk": 378, "fields": {"student_id": "STU-2026-052", "roll_number": 1, "first_name": "zzz", "last_name": "xxxxxxxxxx", "email": "info.ankitpoudel@gmail.com", "phone": "2323252323", "gender": "Male", "date_of_birth": "2222-02-22", "address": "xxxxxxxxxx", "parent_name": "xxxxxxxxxxxxx", "parent_phone": "3030303030", "parent_email": "kiran@gmail.com", "class_name": 8, "user": 391, "must_change_password": true}}, {"model": "result.marks", "pk": 3, "fields": {"student": 321, "subject": 1, "theory_obtained": 71.0, "practical_obtained": 22.0, "marks_obtained": 93.0, "percentage": 93.0, "grade": "A+", "is_pass": true}}, {"model": "result.marks", "pk": 5, "fields": {"student": 377, "subject": 1, "theory_obtained": 74.0, "practical_obtained": 23.0, "marks_obtained": 97.0, "percentage": 97.0, "grade": "A+", "is_pass": true}}, {"model": "result.teacher", "pk": 6, "fields": {"user": 60}}, {"model": "result.teacher", "pk": 9, "fields": {"user": 382}}, {"model": "result.teacherassignment", "pk": 58, "fields": {"teacher": 6, "class_assigned": 4, "subject_name": 1}}, {"model": "result.teacherassignment", "pk": 59, "fields": {"teacher": 6, "class_assigned": 1, "subject_name": 1}}, {"model": "result.teacherassignment", "pk": 60, "fields": {"teacher": 6, "class_assigned": 7, "subject_name": 4}}, {"model": "result.teacherassignment", "pk": 67, "fields": {"teacher": 9, "class_assigned": 1, "subject_name": 6}}, {"model": "result.resultpublished", "pk": 1, "fields": {"class_name": 4, "is_published": false, "published_at": null}}, {"model": "result.resultpublished", "pk": 2, "fields": {"class_name": 5, "is_published": false, "published_at": null}}, {"model": "result.resultpublished", "pk": 3, "fields": {"class_name": 6, "is_published": false, "published_at": null}}, {"model": "result.resultpublished", "pk": 4, "fields": {"class_name": 7, "is_published": false, "published_at": null}}, {"model": "result.resultpublished", "pk": 5, "fields": {"class_name": 3, "is_published": false, "published_at": null}}, {"model": "result.resultpublished", "pk": 6, "fields": {"class_name": 1, "is_published": false, "published_at": null}}]
